Date,Open,High,Low,Close,Adj Close,Volume
2016-06-06,140.949997,144.350006,140.250000,143.449997,142.419220,8445491
2016-06-07,144.750000,146.899994,142.899994,145.399994,144.355209,11139484
2016-06-08,145.949997,149.399994,144.250000,147.949997,146.886887,7976187
2016-06-09,147.899994,151.649994,146.649994,149.050003,147.978989,8885275
2016-06-10,148.300003,150.800003,145.250000,146.300003,145.248749,6775533
2016-06-13,144.199997,147.500000,142.199997,146.100006,145.050186,5251339
2016-06-14,148.000000,149.500000,147.199997,148.800003,147.730774,6759764
2016-06-15,149.500000,153.500000,148.199997,151.800003,150.709229,9172031
2016-06-16,151.250000,153.699997,148.500000,151.600006,150.510666,12052934
2016-06-17,152.949997,153.199997,148.699997,150.600006,149.517853,7173150
2016-06-20,147.850006,152.600006,147.500000,151.649994,150.560287,9750645
2016-06-21,151.899994,152.899994,149.050003,149.899994,148.822861,4510620
2016-06-22,149.550003,151.600006,148.300003,149.100006,148.028625,5702590
2016-06-23,149.899994,153.300003,149.300003,152.199997,151.106339,5687099
2016-06-24,144.949997,147.949997,140.800003,147.149994,146.092621,14542704
2016-06-27,146.100006,152.600006,146.100006,151.850006,150.758865,8394527
2016-06-28,152.449997,155.000000,150.500000,154.399994,153.290527,9508488
2016-06-29,155.000000,156.000000,153.350006,153.899994,152.794128,5909460
2016-06-30,155.350006,155.649994,153.500000,153.949997,152.843765,6302699
2016-07-01,154.050003,157.850006,153.649994,156.600006,155.474731,6335327
2016-07-04,157.949997,161.750000,157.500000,159.800003,158.651733,6832317
2016-07-05,160.449997,162.300003,158.750000,159.449997,158.304245,6254891
2016-07-07,160.000000,162.149994,157.449997,158.149994,157.013580,5042083
2016-07-08,158.149994,158.899994,153.600006,154.750000,153.638016,7186476
2016-07-11,158.100006,162.699997,157.600006,162.350006,161.183411,7970014
2016-07-12,163.199997,165.000000,159.399994,160.750000,159.594910,11500989
2016-07-13,161.050003,161.949997,158.649994,160.149994,158.999207,5978746
2016-07-14,159.100006,166.899994,159.100006,163.699997,162.523712,13346846
2016-07-15,164.899994,168.800003,163.300003,164.250000,163.069763,12821241
2016-07-18,165.000000,166.550003,158.199997,159.050003,157.907120,6873621
2016-07-19,159.500000,162.500000,156.500000,158.300003,157.162521,13973022
2016-07-20,159.000000,159.350006,157.250000,157.550003,156.417908,5041536
2016-07-21,158.000000,158.899994,151.699997,152.250000,151.155991,8788809
2016-07-22,152.399994,153.000000,149.500000,150.699997,149.617126,8584225
2016-07-25,150.500000,157.100006,148.899994,155.850006,154.730118,8443187
2016-07-26,156.449997,158.750000,153.100006,153.800003,152.694855,6423389
2016-07-27,155.000000,156.649994,153.500000,154.850006,153.737305,4961802
2016-07-28,155.149994,156.850006,153.750000,154.500000,153.389816,7885118
2016-07-29,154.500000,155.100006,151.100006,151.699997,150.609940,4360612
2016-08-01,153.000000,153.500000,146.000000,147.500000,146.440125,6265656
2016-08-02,148.600006,152.399994,146.300003,151.149994,150.063889,9587249
2016-08-03,150.500000,154.899994,148.000000,148.850006,147.780426,6650715
2016-08-04,151.000000,157.350006,146.550003,155.750000,154.630844,11938778
2016-08-05,157.699997,159.699997,156.250000,157.649994,156.517181,8486062
2016-08-08,158.800003,159.750000,154.649994,157.500000,156.368256,5309988
2016-08-09,157.250000,160.550003,156.300003,158.449997,157.311432,7446960
2016-08-10,159.000000,161.250000,155.350006,160.399994,159.247421,11504484
2016-08-11,153.000000,153.149994,145.000000,145.949997,144.901260,38489351
2016-08-12,147.000000,152.199997,144.550003,149.600006,148.525040,22293971
2016-08-16,150.000000,151.399994,147.100006,149.550003,148.475388,7165689
2016-08-17,149.500000,152.399994,149.149994,151.350006,150.262466,6673777
2016-08-18,152.149994,154.899994,151.850006,154.500000,153.389816,6548857
2016-08-19,155.949997,162.800003,155.100006,161.649994,160.488434,14267416
2016-08-22,160.949997,162.350006,157.699997,160.050003,158.899948,8026440
2016-08-23,160.300003,165.000000,158.350006,164.300003,163.119400,15115837
2016-08-24,164.300003,165.250000,162.350006,163.149994,161.977661,6766596
2016-08-25,163.949997,164.800003,161.399994,161.949997,160.786285,10027674
2016-08-26,161.750000,163.199997,157.600006,158.300003,157.162521,5393070
2016-08-29,158.399994,160.699997,157.100006,160.050003,158.899948,4125681
2016-08-30,161.000000,164.750000,160.550003,164.149994,162.970474,6148036
2016-08-31,164.500000,165.699997,161.899994,162.949997,161.779099,8047620
2016-09-01,163.500000,164.250000,160.600006,161.250000,160.091309,6466506
2016-09-02,161.699997,166.899994,161.149994,166.350006,165.154678,8185748
2016-09-06,168.000000,170.899994,167.600006,169.500000,168.282028,9021719
2016-09-07,171.250000,177.649994,170.500000,174.800003,173.543961,16469703
2016-09-08,175.500000,177.449997,173.300003,174.750000,173.494308,6806480
2016-09-09,174.600006,174.850006,171.250000,171.949997,170.714432,7304893
2016-09-12,167.949997,167.949997,161.149994,161.750000,160.587723,8733499
2016-09-14,162.000000,168.699997,161.750000,168.300003,167.090668,7533651
2016-09-15,168.350006,168.899994,164.149994,166.600006,165.402878,5395997
2016-09-16,168.250000,171.350006,164.149994,164.750000,163.566162,11408056
2016-09-19,166.949997,167.899994,165.399994,166.449997,165.253952,3003890
2016-09-20,167.149994,168.350006,165.350006,166.699997,165.502151,3272265
2016-09-21,166.250000,168.300003,163.899994,164.350006,163.169052,4207634
2016-09-22,167.100006,170.000000,166.649994,169.449997,168.232391,5591092
2016-09-23,169.949997,172.399994,168.199997,169.149994,167.934540,6444029
2016-09-26,168.500000,169.399994,165.500000,166.350006,165.154678,5315511
2016-09-27,167.149994,167.699997,163.550003,164.000000,162.821548,3742387
2016-09-28,163.899994,169.699997,163.500000,168.449997,167.239578,6284089
2016-09-29,169.500000,170.899994,159.550003,161.899994,160.736633,11281815
2016-09-30,160.500000,168.199997,160.050003,167.399994,166.197113,7164669
2016-10-03,168.100006,170.600006,167.750000,168.899994,167.686340,5528006
2016-10-04,169.500000,171.399994,165.649994,169.850006,168.629532,16698890
2016-10-05,172.500000,173.199997,168.500000,169.449997,168.232391,11698120
2016-10-06,169.949997,169.949997,163.500000,164.500000,163.317963,6697536
2016-10-07,164.699997,165.699997,162.600006,163.850006,162.672638,7061560
2016-10-10,164.500000,165.199997,161.399994,161.949997,160.786285,3950523
2016-10-13,161.250000,161.350006,151.199997,154.250000,153.141617,12034390
2016-10-14,155.199997,155.949997,153.100006,153.949997,152.843765,6440074
2016-10-17,154.100006,155.750000,150.100006,150.949997,149.865326,5802392
2016-10-18,152.449997,156.250000,151.500000,155.699997,154.581192,5013838
2016-10-19,156.649994,157.300003,154.100006,155.399994,154.283340,4212034
2016-10-20,155.100006,158.449997,155.100006,157.449997,156.318619,6095049
2016-10-21,157.899994,157.899994,154.600006,156.100006,154.978333,3310337
2016-10-24,156.399994,160.399994,156.399994,158.399994,157.261795,5301519
2016-10-25,159.000000,159.500000,155.550003,156.550003,155.425095,2847649
2016-10-26,156.550003,159.000000,153.949997,155.149994,154.035141,3620802
2016-10-27,154.850006,155.750000,152.399994,153.050003,151.950241,6337383
2016-10-28,153.800003,156.649994,153.100006,156.250000,155.127243,4574412
2016-11-01,156.600006,157.350006,154.050003,155.300003,154.184067,5673444
2016-11-02,152.800003,152.800003,149.600006,150.000000,148.922150,5224054
2016-11-03,149.300003,150.850006,146.050003,146.550003,145.496948,5759653
2016-11-04,149.149994,149.149994,141.300003,142.550003,141.525696,9329011
2016-11-07,147.000000,149.199997,144.449997,148.050003,146.986176,5240267
2016-11-08,148.199997,149.699997,146.000000,148.949997,147.879700,3610842
2016-11-09,137.000000,153.000000,135.250000,151.199997,150.113525,13645350
2016-11-10,155.300003,166.300003,155.000000,165.000000,163.814377,19938451
2016-11-11,164.000000,169.899994,158.600006,160.500000,159.346710,20909685
2016-11-15,167.399994,177.250000,165.600006,174.300003,173.047546,45412145
2016-11-16,177.300003,178.449997,168.250000,173.399994,172.154007,19230982
2016-11-17,174.800003,179.600006,172.649994,174.750000,173.494308,22051586
2016-11-18,175.899994,178.000000,172.500000,176.949997,175.678497,10883549
2016-11-21,179.550003,179.550003,159.500000,161.100006,159.942398,24330175
2016-11-22,163.800003,165.300003,159.000000,163.199997,162.027298,15079667
2016-11-23,164.699997,164.800003,160.600006,162.100006,160.935211,7304971
2016-11-24,160.199997,168.649994,158.500000,167.050003,165.849640,17931399
2016-11-25,168.500000,171.149994,165.850006,167.899994,166.693527,9693735
2016-11-28,162.000000,164.850006,161.000000,163.050003,161.878387,12450961
2016-11-29,163.000000,165.500000,160.600006,161.500000,160.339523,6633060
2016-11-30,161.800003,164.800003,161.100006,164.149994,162.970474,7519207
2016-12-01,164.699997,165.800003,160.850006,161.600006,160.438812,5777972
2016-12-02,160.800003,164.500000,159.399994,161.100006,159.942398,9787771
2016-12-05,161.000000,163.000000,160.500000,162.500000,161.332336,4095538
2016-12-06,163.300003,164.149994,161.899994,162.300003,161.133774,4266725
2016-12-07,163.000000,164.600006,156.600006,157.500000,156.368256,9887410
2016-12-08,159.199997,159.600006,157.300003,158.500000,157.361084,8724918
2016-12-09,159.100006,162.750000,157.199997,162.050003,160.885574,10278079
2016-12-12,162.000000,162.000000,157.649994,158.899994,157.758194,5487034
2016-12-13,158.500000,161.000000,156.600006,160.399994,159.247421,5492641
2016-12-14,161.000000,161.050003,157.850006,158.350006,157.212158,2808098
2016-12-15,157.000000,161.399994,156.399994,159.899994,158.751007,4977598
2016-12-16,160.500000,162.699997,158.850006,159.649994,158.502808,5485711
2016-12-19,159.500000,160.699997,158.199997,159.350006,158.204971,2403718
2016-12-20,159.000000,160.199997,155.000000,155.750000,154.630844,4724772
2016-12-21,156.699997,158.199997,154.550003,157.500000,156.368256,4650450
2016-12-22,157.000000,157.000000,153.300003,155.050003,153.935867,4094197
2016-12-23,155.000000,156.350006,152.600006,153.000000,151.900604,3909592
2016-12-26,152.000000,152.350006,146.000000,147.350006,146.291199,6151900
2016-12-27,147.699997,151.000000,146.100006,149.899994,148.822861,4460849
2016-12-28,150.250000,152.649994,149.100006,150.149994,149.071075,6665714
2016-12-29,150.000000,152.399994,148.350006,151.500000,150.411377,19597740
2016-12-30,151.600006,153.899994,151.300003,153.399994,152.297714,6069655
2017-01-02,153.949997,154.600006,147.600006,148.899994,147.830048,9644457
2017-01-03,149.100006,150.199997,146.699997,148.600006,147.532227,10690916
2017-01-04,148.000000,149.850006,147.399994,148.000000,146.936523,4993802
2017-01-05,149.550003,151.600006,149.300003,150.949997,149.865326,7807838
2017-01-06,151.000000,154.600006,151.000000,153.250000,152.148804,8101310
2017-01-09,154.000000,155.000000,152.399994,152.800003,151.702042,6078686
2017-01-10,153.500000,154.149994,151.250000,152.949997,151.850952,5444632
2017-01-11,153.899994,160.199997,153.250000,159.600006,158.453171,11384243
2017-01-12,160.000000,160.649994,158.000000,158.699997,157.559631,5849315
2017-01-13,159.149994,159.699997,156.699997,157.750000,156.616470,4635287
2017-01-16,157.750000,160.000000,157.000000,159.600006,158.453171,5216572
2017-01-17,160.399994,162.000000,158.350006,159.050003,157.907120,5138460
2017-01-18,159.399994,160.850006,157.850006,158.850006,157.708572,4034241
2017-01-19,158.500000,160.800003,157.850006,160.100006,158.949585,4541251
2017-01-20,159.399994,160.699997,153.550003,154.350006,153.240906,4787706
2017-01-23,153.500000,157.000000,153.149994,154.199997,153.091965,4199528
2017-01-24,155.300003,156.500000,154.500000,156.050003,154.928680,4541702
2017-01-25,156.500000,164.000000,155.250000,161.949997,160.786285,12590142
2017-01-27,163.000000,169.199997,162.300003,167.699997,166.494965,12394688
2017-01-30,167.100006,170.300003,165.100006,167.750000,166.544617,7176912
2017-01-31,167.300003,168.800003,164.350006,165.149994,163.963287,4227883
2017-02-01,166.399994,173.699997,165.300003,173.050003,171.806534,17004030
2017-02-02,172.899994,178.850006,170.649994,177.649994,176.373459,14260877
2017-02-03,178.000000,187.250000,176.100006,186.449997,185.110229,16542435
2017-02-06,187.000000,191.699997,183.699997,184.600006,183.273544,14311070
2017-02-07,184.949997,190.399994,183.199997,187.050003,185.705933,10402832
2017-02-08,187.350006,188.600006,182.250000,187.000000,185.656281,8105412
2017-02-09,187.000000,187.699997,180.800003,184.050003,182.727493,9428624
2017-02-10,185.699997,191.000000,184.550003,188.050003,186.698746,18572012
2017-02-13,182.800003,183.000000,168.000000,168.800003,167.587067,38352779
2017-02-14,170.000000,171.250000,166.149994,168.800003,167.587067,16667658
2017-02-15,169.000000,170.399994,162.750000,163.199997,162.027298,13176926
2017-02-16,165.399994,167.750000,163.649994,166.050003,164.856827,9141324
2017-02-17,166.149994,168.350006,164.500000,166.149994,164.956100,6994611
2017-02-20,166.000000,169.449997,164.850006,168.850006,167.636703,5345157
2017-02-21,170.100006,170.750000,168.050003,169.300003,168.083481,7720858
2017-02-22,169.149994,170.550003,167.199997,167.699997,166.494965,7388811
2017-02-23,168.699997,169.850006,167.050003,168.149994,166.941727,10531474
2017-02-27,168.500000,168.500000,164.100006,164.399994,163.218674,7407568
2017-02-28,165.000000,166.600006,163.899994,165.300003,164.112213,7175645
2017-03-01,165.899994,168.500000,165.000000,165.350006,164.161865,6979516
2017-03-02,166.449997,167.350006,161.000000,161.600006,160.438812,8201681
2017-03-03,160.100006,162.750000,159.550003,159.949997,158.800659,9478049
2017-03-06,161.300003,162.199997,160.050003,160.850006,159.694199,6996223
2017-03-07,160.800003,162.399994,160.000000,160.350006,159.197784,6389864
2017-03-08,160.350006,161.699997,157.350006,159.250000,158.105682,8422899
2017-03-09,159.350006,160.699997,158.000000,159.449997,158.304245,5475070
2017-03-10,163.000000,163.000000,158.300003,159.000000,157.857483,5501220
2017-03-14,162.850006,164.250000,160.500000,161.000000,159.843109,7292526
2017-03-15,160.649994,167.699997,160.600006,166.500000,165.303589,11715430
2017-03-16,167.600006,169.649994,166.399994,168.550003,167.338867,9620096
2017-03-17,168.699997,169.199997,164.399994,164.899994,163.715088,7160099
2017-03-20,164.699997,167.399994,163.100006,165.600006,164.410065,5099749
2017-03-21,166.100006,166.800003,162.149994,162.850006,161.679825,5788764
2017-03-22,161.000000,164.149994,160.649994,161.600006,160.438812,5537506
2017-03-23,162.100006,163.449997,160.300003,162.199997,161.034485,7386841
2017-03-24,162.000000,171.550003,162.000000,169.050003,167.835266,23265545
2017-03-27,168.300003,173.199997,167.550003,172.300003,171.061920,24032433
2017-03-28,172.550003,174.300003,171.500000,173.899994,172.650406,20208892
2017-03-29,174.000000,176.199997,172.850006,173.500000,172.253296,20952290
2017-03-30,173.600006,175.699997,172.750000,173.649994,172.402206,19317655
2017-03-31,173.100006,174.899994,171.100006,172.949997,171.707245,7540833
2017-04-03,173.899994,174.399994,170.350006,172.399994,171.161194,4203694
2017-04-05,172.750000,176.300003,172.050003,174.550003,173.295746,9180210
2017-04-06,173.850006,177.149994,173.350006,174.899994,173.643219,9621343
2017-04-07,174.000000,174.500000,167.600006,168.649994,167.438141,6958075
2017-04-10,169.750000,172.149994,168.199997,171.100006,169.870544,6533837
2017-04-11,171.449997,175.350006,170.100006,174.699997,173.444672,8135812
2017-04-12,174.149994,175.649994,171.199997,172.350006,171.111557,6323133
2017-04-13,172.199997,177.899994,171.500000,175.649994,174.387833,12377238
2017-04-17,178.000000,178.100006,175.250000,175.949997,174.685684,6316890
2017-04-18,176.500000,181.699997,175.350006,176.050003,174.784973,11000034
2017-04-19,177.000000,177.199997,173.300003,174.850006,173.593597,6148670
2017-04-20,175.899994,180.500000,174.199997,179.649994,178.359100,11566048
2017-04-21,179.649994,180.050003,174.500000,175.199997,173.941071,6262395
2017-04-24,177.500000,179.399994,175.550003,178.899994,177.614487,7576411
2017-04-25,180.000000,183.449997,178.750000,181.800003,180.493652,8146288
2017-04-26,182.649994,184.600006,178.850006,181.649994,180.344727,7967391
2017-04-27,181.949997,184.000000,180.050003,181.399994,180.096512,6405353
2017-04-28,181.699997,188.550003,181.699997,187.550003,186.202332,11823024
2017-05-02,188.000000,191.600006,185.699997,188.649994,187.294418,11014407
2017-05-03,189.500000,194.550003,186.699997,189.550003,188.187958,12842041
2017-05-04,194.000000,196.750000,192.250000,195.750000,194.343414,14165960
2017-05-05,197.000000,202.500000,184.199997,187.399994,186.053406,27045694
2017-05-08,187.600006,191.600006,185.300003,188.850006,187.492996,9056363
2017-05-09,189.399994,190.000000,184.649994,186.750000,185.408081,5765748
2017-05-10,187.000000,188.399994,185.050003,185.550003,184.216705,5069404
2017-05-11,186.550003,190.500000,185.800003,187.899994,186.549820,6927969
2017-05-12,188.000000,191.199997,184.850006,186.399994,185.060593,9730497
2017-05-15,186.550003,189.800003,186.500000,188.800003,187.443359,5384073
2017-05-16,188.250000,195.000000,186.399994,193.550003,192.159225,10631909
2017-05-17,193.000000,193.750000,189.600006,191.750000,190.372147,6975684
2017-05-18,190.750000,196.300003,185.199997,187.449997,186.103043,19870837
2017-05-19,190.000000,195.899994,186.300003,188.750000,187.393707,31521446
2017-05-22,189.500000,191.300003,181.699997,182.800003,181.486465,10849346
2017-05-23,183.149994,185.750000,177.550003,182.000000,180.692215,10454348
2017-05-24,182.199997,182.800003,174.800003,175.750000,174.487122,11978420
2017-05-25,176.600006,182.500000,176.000000,181.500000,180.195801,8619259
2017-05-26,181.500000,181.750000,177.649994,179.449997,178.160538,7630085
2017-05-29,179.500000,181.350006,173.000000,173.649994,172.402206,8084707
2017-05-30,173.300003,179.199997,172.000000,178.500000,177.217361,10252246
2017-05-31,179.350006,180.500000,176.750000,178.050003,176.770599,8340826
2017-06-01,178.500000,179.850006,176.199997,179.000000,177.713776,6826246
2017-06-02,180.449997,181.149994,177.050003,178.899994,177.614487,8662482
2017-06-05,179.899994,180.350006,178.199997,178.600006,177.316650,5074657
2017-06-06,179.250000,179.600006,173.699997,174.449997,173.196457,5254510
2017-06-07,175.399994,177.399994,174.199997,176.800003,175.529587,5496279
2017-06-08,177.699997,177.699997,174.500000,174.850006,173.593597,4506151
2017-06-09,174.100006,175.649994,172.899994,173.750000,172.501495,5868224
2017-06-12,173.000000,173.500000,166.899994,168.050003,166.842453,10779589
2017-06-13,168.949997,171.350006,168.300003,169.750000,168.530243,5256450
2017-06-14,171.800003,175.000000,169.850006,172.800003,171.558319,12008368
2017-06-15,171.500000,172.300003,168.500000,169.600006,168.381317,8810334
2017-06-16,170.500000,171.250000,167.050003,167.699997,166.494965,9296583
2017-06-19,168.250000,169.500000,167.699997,168.050003,166.842453,3972259
2017-06-20,168.000000,168.600006,165.500000,167.350006,166.147491,5780219
2017-06-21,166.550003,169.800003,166.300003,167.000000,165.800003,5794027
2017-06-22,166.899994,168.550003,164.500000,165.149994,165.149994,6554878
2017-06-23,165.000000,165.800003,160.500000,160.850006,160.850006,7198262
2017-06-27,160.750000,160.750000,153.199997,154.850006,154.850006,11027711
2017-06-28,153.000000,156.399994,152.199997,155.600006,155.600006,6999255
2017-06-29,156.600006,157.899994,154.850006,155.500000,155.500000,8116474
2017-06-30,157.000000,162.399994,156.149994,161.649994,161.649994,13722692
2017-07-03,162.699997,165.000000,160.550003,161.850006,161.850006,8862686
2017-07-04,162.399994,163.000000,159.000000,159.350006,159.350006,5630976
2017-07-05,159.949997,162.399994,158.500000,160.800003,160.800003,6616815
2017-07-06,161.399994,165.800003,161.399994,162.399994,162.399994,11934377
2017-07-07,162.500000,163.949997,160.000000,160.550003,160.550003,9183465
2017-07-10,164.050003,167.500000,164.050003,166.600006,166.600006,6038658
2017-07-11,167.000000,167.500000,161.500000,162.649994,162.649994,7392843
2017-07-12,162.649994,164.000000,160.649994,163.500000,163.500000,8654854
2017-07-13,164.899994,165.750000,162.000000,163.399994,163.399994,7648517
2017-07-14,163.600006,166.399994,162.250000,165.000000,165.000000,7708910
2017-07-17,165.199997,165.649994,162.800003,164.350006,164.350006,7332263
2017-07-18,163.449997,167.149994,162.800003,163.850006,163.850006,7786687
2017-07-19,163.699997,165.500000,163.500000,164.449997,164.449997,5407563
2017-07-20,164.250000,165.399994,161.449997,161.899994,161.899994,8077756
2017-07-21,162.199997,163.899994,160.699997,161.750000,161.750000,6359475
2017-07-24,162.000000,165.949997,162.000000,164.199997,164.199997,7911705
2017-07-25,164.949997,166.199997,164.300003,165.000000,165.000000,8747271
2017-07-26,165.000000,166.500000,163.000000,163.350006,163.350006,7778973
2017-07-27,163.500000,165.100006,160.000000,160.949997,160.949997,11524003
2017-07-28,160.800003,162.949997,160.199997,161.550003,161.550003,6187569
2017-07-31,161.800003,168.500000,160.550003,166.050003,166.050003,15878051
2017-08-01,166.750000,167.000000,162.600006,163.500000,163.500000,7847054
2017-08-02,164.399994,165.300003,162.800003,163.399994,163.399994,6526280
2017-08-03,163.000000,163.649994,157.000000,158.199997,158.199997,9337691
2017-08-04,158.000000,160.850006,155.399994,158.949997,158.949997,7121754
2017-08-07,160.699997,161.300003,159.199997,160.050003,160.050003,4382843
2017-08-08,161.199997,161.250000,156.100006,156.550003,156.550003,5960785
2017-08-09,156.899994,157.699997,154.149994,155.199997,155.199997,7541485
2017-08-10,153.899994,155.600006,145.399994,148.449997,148.449997,10557366
2017-08-11,145.600006,150.500000,141.199997,142.250000,142.250000,14474693
2017-08-14,140.000000,143.199997,139.699997,142.250000,142.250000,16094565
2017-08-16,143.300003,148.649994,137.649994,147.149994,147.149994,25054671
2017-08-17,148.300003,152.250000,146.649994,148.250000,148.250000,20122929
2017-08-18,146.250000,148.250000,144.300003,147.199997,147.199997,13628146
2017-08-21,147.899994,149.600006,141.000000,142.100006,142.100006,11173367
2017-08-22,143.050003,143.750000,138.199997,139.350006,139.350006,17697793
2017-08-23,140.699997,142.250000,138.449997,140.949997,140.949997,18892523
2017-08-24,141.100006,144.000000,140.649994,142.850006,142.850006,12332259
2017-08-28,143.800003,145.899994,143.050003,144.250000,144.250000,10531819
2017-08-29,141.949997,143.500000,139.600006,140.050003,140.050003,14024022
2017-08-30,141.050003,142.100006,139.050003,139.449997,139.449997,11604114
2017-08-31,140.250000,140.399994,137.199997,137.850006,137.850006,14641211
2017-09-01,139.000000,140.850006,137.649994,138.250000,138.250000,12375796
2017-09-04,138.899994,139.250000,135.800003,136.800003,136.800003,10476474
2017-09-05,136.800003,139.000000,136.000000,138.399994,138.399994,10799999
2017-09-06,137.000000,139.300003,136.399994,138.350006,138.350006,11293085
2017-09-07,138.800003,140.949997,138.550003,139.550003,139.550003,10371362
2017-09-08,140.399994,140.399994,136.500000,136.800003,136.800003,8057267
2017-09-11,139.300003,139.600006,137.149994,137.449997,137.449997,8737567
2017-09-12,138.250000,142.500000,137.199997,141.850006,141.850006,14798852
2017-09-13,142.199997,145.899994,141.600006,143.800003,143.800003,15466661
2017-09-14,143.800003,147.000000,143.800003,145.699997,145.699997,11680566
2017-09-15,144.300003,146.000000,143.699997,145.300003,145.300003,9971545
2017-09-18,146.000000,149.000000,144.750000,145.449997,145.449997,9099176
2017-09-19,145.199997,146.000000,143.149994,144.550003,144.550003,6833002
2017-09-20,144.300003,151.000000,143.800003,148.350006,148.350006,15549320
2017-09-21,148.899994,148.899994,144.649994,145.600006,145.600006,12114445
2017-09-22,145.000000,145.000000,141.500000,141.850006,141.850006,11341028
2017-09-25,141.850006,143.250000,138.199997,142.600006,142.600006,9012712
2017-09-26,142.600006,144.199997,140.949997,142.649994,142.649994,7186304
2017-09-27,143.899994,143.899994,137.850006,138.500000,138.500000,8190665
2017-09-28,138.500000,140.300003,137.199997,138.550003,138.550003,27555317
2017-09-29,139.100006,140.750000,137.100006,137.600006,137.600006,7676701
2017-10-03,138.899994,139.899994,136.350006,137.300003,137.300003,9999986
2017-10-04,138.000000,139.000000,136.699997,137.550003,137.550003,7166677
2017-10-05,137.750000,140.250000,137.199997,139.600006,139.600006,6241934
2017-10-06,139.800003,142.500000,139.550003,141.800003,141.800003,6979919
2017-10-09,141.500000,142.800003,140.500000,141.550003,141.550003,4845869
2017-10-10,141.899994,143.199997,141.250000,141.649994,141.649994,5506768
2017-10-11,142.000000,143.600006,137.899994,138.600006,138.600006,6039529
2017-10-12,138.600006,138.899994,136.100006,138.550003,138.550003,9074838
2017-10-13,139.000000,141.750000,138.050003,139.550003,139.550003,5536201
2017-10-16,140.500000,140.899994,137.699997,138.199997,138.199997,5854218
2017-10-17,138.300003,140.600006,138.050003,139.149994,139.149994,4082412
2017-10-18,138.449997,138.899994,136.000000,136.699997,136.699997,7209573
2017-10-19,136.899994,136.899994,134.050003,134.899994,134.899994,1510641
2017-10-23,135.000000,138.899994,133.500000,137.899994,137.899994,6988351
2017-10-24,138.600006,145.149994,138.500000,143.149994,143.149994,12480604
2017-10-25,157.449997,192.899994,157.449997,188.149994,188.149994,136846102
2017-10-26,189.000000,206.649994,182.000000,185.699997,185.699997,49068444
2017-10-27,184.750000,188.800003,173.600006,174.399994,174.399994,21689785
2017-10-30,174.300003,184.699997,173.550003,174.649994,174.649994,14562346
2017-10-31,175.350006,177.699997,167.850006,169.899994,169.899994,13702475
2017-11-01,172.899994,175.399994,171.199997,172.449997,172.449997,14602616
2017-11-02,172.850006,174.649994,168.600006,169.550003,169.550003,11455496
2017-11-03,170.300003,172.500000,167.199997,171.750000,171.750000,18117337
2017-11-06,172.000000,176.000000,170.500000,172.600006,172.600006,15542622
2017-11-07,173.800003,175.000000,164.100006,165.250000,165.250000,13197516
2017-11-08,166.199997,167.149994,160.750000,162.300003,162.300003,9187572
2017-11-09,164.399994,166.399994,161.649994,165.550003,165.550003,8118331
2017-11-10,165.000000,173.699997,164.000000,169.800003,169.800003,19819112
2017-11-13,171.500000,175.350006,169.250000,172.100006,172.100006,14478546
2017-11-14,173.300003,177.399994,172.699997,174.350006,174.350006,20140602
2017-11-15,177.500000,181.199997,169.300003,175.199997,175.199997,43833572
2017-11-16,176.750000,184.000000,175.250000,182.800003,182.800003,21563190
2017-11-17,190.000000,191.850006,182.050003,183.550003,183.550003,31017855
2017-11-20,183.800003,187.850006,182.500000,184.449997,184.449997,14192200
2017-11-21,185.600006,186.250000,179.149994,180.350006,180.350006,12505118
2017-11-22,181.500000,183.649994,177.100006,180.649994,180.649994,16415341
2017-11-23,180.699997,181.350006,176.050003,178.100006,178.100006,10580968
2017-11-24,178.699997,179.750000,176.149994,176.850006,176.850006,8407178
2017-11-27,176.000000,176.149994,174.050003,175.399994,175.399994,7632874
2017-11-28,175.699997,176.149994,171.500000,172.250000,172.250000,8869406
2017-11-29,172.199997,173.300003,169.899994,171.649994,171.649994,12069869
2017-11-30,170.899994,172.899994,168.399994,169.100006,169.100006,15598331
2017-12-01,169.699997,172.500000,165.050003,167.600006,167.600006,14876690
2017-12-04,168.649994,171.300003,165.500000,170.100006,170.100006,10713977
2017-12-05,169.750000,171.600006,165.449997,170.000000,170.000000,10343172
2017-12-06,168.800003,170.149994,165.100006,165.949997,165.949997,7672622
2017-12-07,167.899994,169.000000,166.350006,167.949997,167.949997,6881470
2017-12-08,168.649994,169.949997,167.050003,167.449997,167.449997,8613753
2017-12-11,168.600006,169.250000,166.899994,167.449997,167.449997,5678110
2017-12-12,167.600006,167.699997,165.050003,165.600006,165.600006,7947508
2017-12-13,165.100006,166.500000,163.050003,163.750000,163.750000,8908042
2017-12-14,164.800003,166.800003,162.500000,165.850006,165.850006,8241166
2017-12-15,168.000000,169.149994,164.750000,165.250000,165.250000,8813162
2017-12-18,164.000000,171.949997,155.000000,169.399994,169.399994,17913408
2017-12-19,171.350006,172.949997,167.300003,168.300003,168.300003,11037991
2017-12-20,167.899994,168.300003,166.399994,166.649994,166.649994,4628882
2017-12-21,166.649994,168.899994,165.800003,167.899994,167.899994,8281308
2017-12-22,168.750000,171.199997,166.949997,168.000000,168.000000,10856345
2017-12-26,167.399994,168.000000,165.899994,166.500000,166.500000,6518312
2017-12-27,166.399994,169.500000,165.399994,166.000000,166.000000,8088029
2017-12-28,166.250000,167.949997,162.300003,162.750000,162.750000,12277703
2017-12-29,163.600006,164.000000,160.149994,160.649994,160.649994,8684173
2018-01-01,161.000000,163.899994,160.850006,161.500000,161.500000,7408273
2018-01-02,161.899994,162.500000,156.500000,157.949997,157.949997,11611821
2018-01-03,158.649994,159.600006,157.050003,157.850006,157.850006,8271671
2018-01-04,158.500000,165.300003,157.500000,163.899994,163.899994,17214456
2018-01-05,165.149994,166.500000,161.250000,161.800003,161.800003,11233822
2018-01-08,162.100006,164.050003,160.800003,161.649994,161.649994,6316362
2018-01-09,161.750000,165.399994,161.600006,164.500000,164.500000,10305337
2018-01-10,164.250000,165.800003,161.050003,162.500000,162.500000,10993630
2018-01-11,162.500000,163.899994,161.600006,163.300003,163.300003,6879190
2018-01-12,163.750000,164.199997,160.350006,163.000000,163.000000,8826985
2018-01-15,163.500000,165.000000,162.800003,164.399994,164.399994,7054678
2018-01-16,164.600006,166.600006,156.199997,156.949997,156.949997,15621689
2018-01-17,156.949997,165.800003,154.550003,165.199997,165.199997,17556659
2018-01-18,169.000000,171.000000,160.699997,162.350006,162.350006,16765567
2018-01-19,162.000000,166.649994,161.449997,165.399994,165.399994,8533716
2018-01-22,166.000000,167.649994,163.199997,164.800003,164.800003,8918325
2018-01-23,164.949997,174.000000,164.500000,173.149994,173.149994,18168528
2018-01-24,173.149994,179.699997,170.350006,178.350006,178.350006,21139975
2018-01-25,178.800003,178.800003,166.449997,167.149994,167.149994,24579032
2018-01-29,168.300003,168.899994,161.300003,162.350006,162.350006,12013160
2018-01-30,162.000000,164.199997,159.800003,160.199997,160.199997,11158191
2018-01-31,159.199997,161.800003,155.500000,156.800003,156.800003,13420760
2018-02-01,158.050003,158.600006,151.750000,152.350006,152.350006,12039264
2018-02-02,150.199997,156.699997,148.199997,153.199997,153.199997,24420057
2018-02-05,150.600006,158.550003,149.000000,157.500000,157.500000,13827865
2018-02-06,150.000000,156.000000,148.000000,154.449997,154.449997,11335878
2018-02-07,156.000000,156.800003,152.699997,153.949997,153.949997,9997661
2018-02-08,154.000000,157.350006,153.500000,156.199997,156.199997,6839457
2018-02-09,153.250000,158.350006,152.500000,156.250000,156.250000,6223913
2018-02-12,159.000000,172.899994,159.000000,168.649994,168.649994,48926198
2018-02-14,167.000000,172.000000,163.800003,165.800003,165.800003,28561359
2018-02-15,163.899994,167.199997,157.100006,159.050003,159.050003,17565094
2018-02-16,159.399994,160.399994,150.600006,152.399994,152.399994,22647050
2018-02-19,150.000000,152.850006,138.199997,143.850006,143.850006,37226788
2018-02-20,140.500000,148.300003,140.300003,144.800003,144.800003,26441686
2018-02-21,146.750000,147.199997,142.300003,145.899994,145.899994,13511046
2018-02-22,144.050003,146.600006,142.300003,143.399994,143.399994,16126505
2018-02-23,145.699997,148.199997,144.699997,145.550003,145.550003,14280404
2018-02-26,148.000000,148.300003,143.199997,143.750000,143.750000,12120874
2018-02-27,143.399994,144.000000,138.199997,141.449997,141.449997,18251152
2018-02-28,139.000000,143.500000,138.000000,141.949997,141.949997,15443300
2018-03-01,141.800003,143.600006,137.800003,138.300003,138.300003,13912882
2018-03-05,137.000000,139.800003,136.250000,138.800003,138.800003,10501381
2018-03-06,140.899994,141.350006,134.149994,135.250000,135.250000,10841359
2018-03-07,133.100006,135.350006,128.550003,132.600006,132.600006,17616076
2018-03-08,134.500000,135.000000,129.899994,134.350006,134.350006,13361413
2018-03-09,135.600006,135.850006,130.800003,131.550003,131.550003,10445844
2018-03-12,132.000000,133.350006,128.100006,132.100006,132.100006,13816607
2018-03-13,132.149994,144.300003,131.050003,141.550003,141.550003,31216963
2018-03-14,139.149994,147.699997,137.300003,145.750000,145.750000,29093742
2018-03-15,144.350006,146.250000,142.550003,143.750000,143.750000,13300363
2018-03-16,143.699997,146.949997,142.600006,143.800003,143.800003,12380055
2018-03-19,143.899994,145.899994,130.000000,133.350006,133.350006,39455304
2018-03-20,132.000000,136.800003,130.699997,135.850006,135.850006,27633823
2018-03-21,137.449997,138.600006,134.550003,135.600006,135.600006,14924805
2018-03-22,135.250000,137.000000,133.500000,134.949997,134.949997,16863181
2018-03-23,130.899994,134.500000,129.800003,133.199997,133.199997,14793481
2018-03-26,133.500000,142.899994,133.000000,141.500000,141.500000,21487326
2018-03-27,146.000000,146.649994,142.000000,143.699997,143.699997,16874932
2018-03-28,142.500000,146.500000,140.899994,142.300003,142.300003,20519812
2018-04-02,142.600006,144.500000,140.350006,141.899994,141.899994,8494352
2018-04-03,144.149994,148.199997,143.649994,145.350006,145.350006,15187662
2018-04-04,145.850006,146.949997,139.000000,139.899994,139.899994,11729950
2018-04-05,143.000000,150.300003,140.800003,147.800003,147.800003,18912455
2018-04-06,148.149994,151.500000,145.899994,150.399994,150.399994,19705149
2018-04-09,151.399994,155.300003,150.149994,153.300003,153.300003,18011329
2018-04-10,153.899994,154.550003,151.550003,153.250000,153.250000,14260591
2018-04-11,152.750000,153.000000,149.199997,150.600006,150.600006,8762706
2018-04-12,150.199997,152.850006,148.199997,148.850006,148.850006,11018571
2018-04-13,149.000000,152.750000,149.000000,150.449997,150.449997,11219297
2018-04-16,149.000000,151.100006,147.600006,149.850006,149.850006,8254895
2018-04-17,150.000000,151.750000,147.399994,147.850006,147.850006,9233324
2018-04-18,148.500000,149.149994,140.850006,141.649994,141.649994,17171761
2018-04-19,142.500000,146.350006,140.600006,145.350006,145.350006,12771517
2018-04-20,144.800003,145.000000,140.949997,143.600006,143.600006,10752076
2018-04-23,143.949997,145.800003,141.500000,144.149994,144.149994,7841803
2018-04-24,143.500000,144.550003,141.399994,141.850006,141.850006,4991672
2018-04-25,140.449997,141.600006,135.600006,136.350006,136.350006,10722775
2018-04-26,136.350006,138.199997,135.250000,137.350006,137.350006,8328731
2018-04-27,138.000000,145.300003,137.000000,143.199997,143.199997,13900165
2018-04-30,144.949997,149.850006,143.050003,148.949997,148.949997,13735085
2018-05-02,147.500000,149.000000,143.199997,144.300003,144.300003,8232020
2018-05-03,144.550003,144.850006,140.500000,143.050003,143.050003,8591667
2018-05-04,142.350006,146.399994,139.100006,139.899994,139.899994,11845370
2018-05-07,141.699997,144.649994,141.100006,143.550003,143.550003,8843289
2018-05-08,144.100006,149.449997,141.550003,145.600006,145.600006,15834407
2018-05-09,145.050003,145.699997,142.300003,144.300003,144.300003,9808289
2018-05-10,145.649994,145.649994,138.000000,138.649994,138.649994,10669964
2018-05-11,139.550003,143.649994,137.100006,142.699997,142.699997,11673210
2018-05-14,141.850006,144.649994,141.100006,142.699997,142.699997,6675636
2018-05-15,142.500000,144.199997,138.899994,139.649994,139.649994,9060878
2018-05-16,138.300003,138.949997,131.500000,132.050003,132.050003,18022426
2018-05-17,132.000000,133.100006,129.199997,130.000000,130.000000,15616895
2018-05-18,130.800003,130.800003,125.250000,126.699997,126.699997,12109019
2018-05-21,127.949997,131.800003,126.150002,129.899994,129.899994,11517584
2018-05-22,129.649994,134.750000,126.650002,132.899994,132.899994,14601997
2018-05-23,131.699997,140.899994,131.399994,136.600006,136.600006,23713478
2018-05-24,137.750000,140.649994,135.050003,138.850006,138.850006,13046640
2018-05-25,139.000000,144.199997,139.000000,141.300003,141.300003,12300751
2018-05-28,142.500000,148.500000,140.350006,145.399994,145.399994,24833790
2018-05-29,144.000000,145.449997,139.550003,140.399994,140.399994,12773006
2018-05-30,138.899994,142.000000,137.550003,138.449997,138.449997,17044430
2018-05-31,139.100006,139.850006,135.800003,136.850006,136.850006,13116608
2018-06-01,137.649994,138.500000,134.750000,136.949997,136.949997,11437804
2018-06-04,137.500000,137.899994,131.000000,131.550003,131.550003,22267362
2018-06-05,131.899994,132.850006,126.449997,127.750000,127.750000,21462369
2018-06-06,127.000000,131.100006,126.300003,130.250000,130.250000,25559290
2018-06-07,131.250000,133.649994,129.600006,131.399994,131.399994,17885218
2018-06-08,130.600006,133.199997,129.750000,132.250000,132.250000,17691484
2018-06-11,133.149994,136.000000,132.149994,133.699997,133.699997,13389907
2018-06-12,134.000000,134.649994,132.350006,133.350006,133.350006,16578037
2018-06-13,133.949997,138.250000,133.750000,136.750000,136.750000,16382863
2018-06-14,137.149994,137.149994,134.649994,135.149994,135.149994,12368015
2018-06-15,134.850006,136.149994,130.350006,131.300003,131.300003,11776063
2018-06-18,131.000000,131.300003,129.199997,130.399994,130.399994,9736608
2018-06-19,129.899994,131.750000,127.250000,127.849998,127.849998,12733048
2018-06-20,127.500000,128.399994,124.699997,125.099998,125.099998,22227705
2018-06-21,125.699997,125.900002,121.500000,122.000000,122.000000,16021753
2018-06-22,122.099998,122.800003,120.449997,121.500000,121.500000,17477101
2018-06-25,121.449997,122.000000,116.500000,116.800003,116.800003,11480804
2018-06-26,116.500000,119.099998,115.000000,118.050003,118.050003,18511633
2018-06-27,118.050003,118.050003,113.599998,115.150002,115.150002,15058571
2018-06-28,114.250000,116.300003,112.449997,113.000000,113.000000,11274714
2018-06-29,114.000000,115.150002,112.150002,112.650002,112.650002,14274242
2018-07-02,113.400002,115.449997,109.500000,113.650002,113.650002,19814242
2018-07-03,113.599998,114.650002,111.800003,113.000000,113.000000,12691360
2018-07-04,113.000000,113.800003,112.250000,113.099998,113.099998,8861062
2018-07-05,113.699997,114.500000,112.550003,113.250000,113.250000,9467902
2018-07-06,113.500000,116.750000,113.099998,115.550003,115.550003,13020139
2018-07-09,117.000000,117.699997,115.199997,117.000000,117.000000,9043165
2018-07-10,117.800003,121.099998,116.650002,119.500000,119.500000,11116786
2018-07-11,119.000000,119.199997,115.500000,116.199997,116.199997,10310176
2018-07-12,117.199997,120.150002,117.199997,119.449997,119.449997,13717600
2018-07-13,119.699997,119.699997,114.050003,117.400002,117.400002,13197199
2018-07-16,116.750000,117.300003,112.000000,113.050003,113.050003,8610590
2018-07-17,112.800003,121.800003,111.900002,120.800003,120.800003,13191590
2018-07-18,121.000000,122.300003,115.250000,117.650002,117.650002,13308355
2018-07-19,118.000000,122.949997,114.699997,120.050003,120.050003,19394155
2018-07-20,118.599998,121.650002,117.699997,120.250000,120.250000,10768295
2018-07-23,120.500000,127.000000,119.199997,126.300003,126.300003,17651707
2018-07-24,125.050003,134.500000,125.050003,132.550003,132.550003,23818086
2018-07-25,132.550003,134.899994,130.500000,131.800003,131.800003,14846115
2018-07-26,133.500000,140.300003,133.000000,138.850006,138.850006,28428745
2018-07-27,138.899994,140.899994,135.399994,137.850006,137.850006,27335018
2018-07-30,149.000000,153.300003,144.649994,152.050003,152.050003,69716569
2018-07-31,152.149994,155.699997,148.300003,153.350006,153.350006,30975324
2018-08-01,151.399994,153.649994,147.699997,150.199997,150.199997,24904453
2018-08-02,147.949997,149.800003,146.199997,147.250000,147.250000,14029282
2018-08-03,147.250000,150.850006,147.050003,149.600006,149.600006,13329323
2018-08-06,150.000000,152.149994,149.399994,150.550003,150.550003,13628825
2018-08-07,151.000000,151.250000,144.800003,146.149994,146.149994,14425006
2018-08-08,146.300003,149.800003,146.000000,148.600006,148.600006,10390322
2018-08-09,150.500000,157.500000,148.850006,154.750000,154.750000,26562716
2018-08-10,153.750000,155.500000,147.600006,148.300003,148.300003,17027336
2018-08-13,146.000000,149.399994,144.399994,145.649994,145.649994,16135497
2018-08-14,147.000000,148.649994,145.550003,146.300003,146.300003,9480376
2018-08-16,145.500000,147.600006,141.449997,142.699997,142.699997,13666075
2018-08-17,143.850006,147.750000,142.949997,146.199997,146.199997,12400330
2018-08-20,147.000000,151.500000,146.250000,151.000000,151.000000,10467382
2018-08-21,153.399994,155.000000,150.199997,150.899994,150.899994,16772616
2018-08-23,151.399994,151.750000,148.500000,149.850006,149.850006,9846020
2018-08-24,148.449997,151.699997,146.649994,147.399994,147.399994,9847399
2018-08-27,149.000000,152.600006,148.500000,150.050003,150.050003,11140288
2018-08-28,151.300003,151.300003,142.649994,143.850006,143.850006,14983300
2018-08-29,144.500000,149.649994,143.250000,147.699997,147.699997,19655498
2018-08-30,147.399994,151.199997,145.649994,150.149994,150.149994,15041815
2018-08-31,149.050003,153.449997,147.199997,152.949997,152.949997,19943774
2018-09-03,153.949997,156.500000,150.899994,151.699997,151.699997,16081701
2018-09-04,151.300003,152.300003,144.500000,145.550003,145.550003,13746105
2018-09-05,145.399994,146.550003,140.500000,144.550003,144.550003,12672028
2018-09-06,145.899994,147.100006,144.149994,146.100006,146.100006,10475666
2018-09-07,146.649994,148.500000,144.699997,148.050003,148.050003,10950716
2018-09-10,146.949997,150.000000,145.449997,146.600006,146.600006,12612864
2018-09-11,148.000000,149.350006,139.350006,140.500000,140.500000,17009872
2018-09-12,140.500000,140.750000,132.649994,133.550003,133.550003,34431935
2018-09-14,135.750000,136.649994,134.000000,134.399994,134.399994,21913127
2018-09-17,133.050003,135.850006,131.000000,135.250000,135.250000,18967228
2018-09-18,121.750000,126.449997,111.849998,113.099998,113.099998,144891921
2018-09-19,112.000000,119.000000,110.150002,116.349998,116.349998,117771556
2018-09-21,117.500000,119.400002,105.849998,111.449997,111.449997,46559986
2018-09-24,112.500000,113.000000,106.900002,107.699997,107.699997,30112522
2018-09-25,107.699997,110.449997,104.550003,109.449997,109.449997,39581226
2018-09-26,110.949997,111.250000,107.400002,109.150002,109.150002,25692758
2018-09-27,108.500000,109.699997,103.800003,104.349998,104.349998,18303251
2018-09-28,105.150002,106.800003,97.349998,99.500000,99.500000,33044144
2018-10-01,99.400002,105.250000,95.400002,104.400002,104.400002,29563711
2018-10-03,102.199997,107.650002,101.800003,103.300003,103.300003,30440427
2018-10-04,101.500000,105.349998,100.349998,103.349998,103.349998,22401811
2018-10-05,102.900002,104.199997,97.550003,99.099998,99.099998,38298074
2018-10-08,100.000000,100.500000,95.300003,97.500000,97.500000,28957630
2018-10-09,98.900002,99.099998,92.650002,93.250000,93.250000,24069650
2018-10-10,93.750000,96.800003,92.800003,95.599998,95.599998,37419473
2018-10-11,91.949997,95.300003,91.000000,93.949997,93.949997,22648997
2018-10-12,96.900002,97.750000,94.800003,96.500000,96.500000,23768732
2018-10-15,96.050003,98.050003,95.400002,97.349998,97.349998,14955267
2018-10-16,97.550003,101.199997,97.400002,100.250000,100.250000,21139482
2018-10-17,102.449997,102.650002,98.750000,99.599998,99.599998,22282115
2018-10-19,98.900002,103.199997,97.500000,102.400002,102.400002,25230698
2018-10-22,103.650002,105.400002,101.449997,102.599998,102.599998,18193081
2018-10-23,101.400002,103.650002,100.949997,101.699997,101.699997,11600993
2018-10-24,102.699997,103.449997,100.949997,102.650002,102.650002,11710626
2018-10-25,101.000000,102.800003,97.900002,98.449997,98.449997,17653402
2018-10-26,99.300003,101.599998,97.849998,98.849998,98.849998,19408496
2018-10-29,99.099998,107.699997,98.199997,107.099998,107.099998,25921189
2018-10-30,107.699997,113.699997,105.849998,110.000000,110.000000,51240583
2018-10-31,114.699997,114.750000,109.849998,110.650002,110.650002,50580445
2018-11-01,111.699997,111.849998,107.050003,107.699997,107.699997,25819979
2018-11-02,108.900002,113.449997,108.400002,109.900002,109.900002,38112597
2018-11-05,110.000000,112.500000,108.699997,111.199997,111.199997,18802509
2018-11-06,112.250000,112.650002,109.849998,110.449997,110.449997,17283224
2018-11-07,111.250000,111.650002,110.500000,110.949997,110.949997,1807343
2018-11-09,111.000000,113.250000,110.400002,111.500000,111.500000,14599759
2018-11-12,111.500000,111.949997,108.849998,109.400002,109.400002,10558393
2018-11-13,108.900002,109.250000,106.400002,108.699997,108.699997,14242220
2018-11-14,109.400002,113.949997,109.400002,112.750000,112.750000,21880524
2018-11-15,112.900002,114.449997,111.150002,112.800003,112.800003,15489157
2018-11-16,113.449997,116.300003,110.050003,115.199997,115.199997,24404681
2018-11-19,116.400002,118.400002,114.349998,115.349998,115.349998,26168544
2018-11-20,113.199997,115.599998,109.250000,110.199997,110.199997,28258376
2018-11-21,111.099998,113.449997,110.500000,112.199997,112.199997,21085996
2018-11-22,112.800003,112.800003,109.449997,109.900002,109.900002,13647386
2018-11-26,110.599998,111.150002,107.099998,108.900002,108.900002,15396197
2018-11-27,108.900002,110.500000,108.250000,108.949997,108.949997,12495317
2018-11-28,109.000000,110.250000,103.599998,104.750000,104.750000,18726621
2018-11-29,106.000000,106.849998,103.449997,105.000000,105.000000,18139210
2018-11-30,105.500000,106.650002,103.699997,105.050003,105.050003,14741115
2018-12-03,106.250000,108.199997,104.900002,106.949997,106.949997,14092602
2018-12-04,107.099998,109.550003,106.300003,107.849998,107.849998,21368296
2018-12-05,106.800003,108.199997,106.050003,107.449997,107.449997,13516608
2018-12-06,106.650002,107.000000,104.650002,105.250000,105.250000,10372612
2018-12-07,105.800003,107.000000,102.949997,106.400002,106.400002,16565178
2018-12-10,102.400002,106.900002,102.400002,105.949997,105.949997,11644907
2018-12-11,103.300003,110.000000,103.300003,109.050003,109.050003,19637144
2018-12-12,110.000000,114.650002,109.400002,113.400002,113.400002,21298584
2018-12-13,114.800003,115.550003,111.099998,111.849998,111.849998,12736431
2018-12-14,111.000000,113.099998,110.800003,111.400002,111.400002,9127017
2018-12-17,111.699997,112.500000,111.199997,111.800003,111.800003,6157887
2018-12-18,111.099998,113.900002,110.000000,112.449997,112.449997,10915321
2018-12-19,113.000000,117.150002,113.000000,115.599998,115.599998,19219299
2018-12-20,115.400002,116.849998,113.800003,114.900002,114.900002,13443857
2018-12-21,115.000000,116.400002,114.250000,115.099998,115.099998,13316969
2018-12-24,116.000000,116.800003,114.599998,115.400002,115.400002,10567495
2018-12-26,115.000000,118.900002,112.900002,117.699997,117.699997,13805517
2018-12-27,119.199997,119.400002,115.800003,116.400002,116.400002,14432390
2018-12-28,117.250000,119.050003,117.099998,118.349998,118.349998,8751088
2018-12-31,119.250000,119.949997,118.199997,118.800003,118.800003,10237262
2019-01-01,119.449997,124.000000,118.199997,123.300003,123.300003,23311973
2019-01-02,123.500000,124.449997,118.199997,119.349998,119.349998,25568039
2019-01-03,121.400002,123.400002,118.099998,119.300003,119.300003,40246215
2019-01-04,120.400002,122.400002,118.500000,121.699997,121.699997,22277306
2019-01-07,122.500000,123.750000,121.599998,122.699997,122.699997,14244449
2019-01-08,122.900002,124.150002,121.699997,123.849998,123.849998,11438177
2019-01-09,124.099998,124.599998,121.400002,122.949997,122.949997,12747179
2019-01-10,122.500000,124.150002,121.849998,123.449997,123.449997,8763655
2019-01-11,123.800003,123.900002,119.650002,121.150002,121.150002,13442566
2019-01-14,120.949997,123.099998,120.099998,120.949997,120.949997,13655552
2019-01-15,121.300003,122.150002,120.750000,121.099998,121.099998,8076763
2019-01-16,121.099998,123.250000,120.800003,121.000000,121.000000,10282923
2019-01-17,121.500000,121.599998,118.099998,119.199997,119.199997,9553120
2019-01-18,119.199997,119.900002,117.550003,118.000000,118.000000,6772442
2019-01-21,118.300003,119.099998,115.800003,116.449997,116.449997,8481086
2019-01-22,116.449997,116.849998,113.400002,113.800003,113.800003,9138823
2019-01-23,114.000000,114.699997,111.050003,111.300003,111.300003,10399387
2019-01-24,112.000000,114.800003,111.449997,113.000000,113.000000,13283892
2019-01-25,113.300003,114.199997,109.500000,110.199997,110.199997,8760153
2019-01-28,111.000000,112.000000,107.650002,109.150002,109.150002,13633282
2019-01-29,109.500000,115.050003,108.849998,113.750000,113.750000,18274599
2019-01-30,116.500000,118.300003,112.300003,113.699997,113.699997,32710788
2019-01-31,114.400002,114.949997,110.550003,112.449997,112.449997,14842463
2019-02-01,113.449997,114.000000,109.199997,111.099998,111.099998,16494373
2019-02-04,110.050003,112.400002,107.800003,110.300003,110.300003,15219147
2019-02-05,110.300003,111.199997,107.199997,107.949997,107.949997,12325444
2019-02-06,108.500000,109.800003,106.000000,109.199997,109.199997,11075323
2019-02-07,109.400002,110.300003,108.000000,108.900002,108.900002,11079690
2019-02-08,108.000000,108.500000,104.349998,104.900002,104.900002,10370510
2019-02-11,104.699997,104.849998,102.900002,103.900002,103.900002,7582047
2019-02-12,103.900002,105.349998,102.300003,102.650002,102.650002,7360166
2019-02-14,102.400002,104.400002,101.250000,103.650002,103.650002,10652960
2019-02-15,104.250000,104.449997,100.300003,100.849998,100.849998,10362257
2019-02-18,100.849998,101.949997,98.500000,99.150002,99.150002,9448271
2019-02-19,99.800003,104.300003,99.300003,102.449997,102.449997,17163902
2019-02-20,102.500000,104.199997,102.000000,102.949997,102.949997,11097310
2019-02-21,104.500000,104.550003,102.500000,103.000000,103.000000,10298813
2019-02-22,103.050003,103.650002,102.250000,102.800003,102.800003,9600642
2019-02-25,102.750000,103.750000,102.500000,102.900002,102.900002,10977553
2019-02-26,102.300003,102.300003,99.349998,101.500000,101.500000,11658555
2019-02-27,101.750000,103.599998,100.300003,101.000000,101.000000,11698000
2019-02-28,101.199997,101.699997,100.750000,101.000000,101.000000,18331980
2019-03-01,102.000000,108.800003,101.599998,108.099998,108.099998,29505475
2019-03-05,108.500000,113.699997,107.599998,112.550003,112.550003,22697797
2019-03-06,112.500000,113.550003,111.000000,112.099998,112.099998,11474316
2019-03-07,112.000000,116.900002,111.150002,115.199997,115.199997,25364521
2019-03-08,115.650002,116.849998,113.050003,113.599998,113.599998,16938684
2019-03-11,114.500000,117.199997,114.250000,116.050003,116.050003,11888797
2019-03-12,116.949997,117.800003,114.449997,115.349998,115.349998,11380491
2019-03-13,115.750000,117.650002,113.550003,115.550003,115.550003,13704339
2019-03-14,116.000000,117.900002,114.400002,116.550003,116.550003,15301986
2019-03-15,116.400002,119.849998,116.000000,118.150002,118.150002,21121349
2019-03-18,118.250000,121.400002,117.900002,120.550003,120.550003,24863255
2019-03-19,121.199997,125.849998,121.050003,124.400002,124.400002,32738805
2019-03-20,125.150002,127.150002,123.099998,125.199997,125.199997,23781774
2019-03-22,126.050003,126.949997,119.300003,120.099998,120.099998,21842085
2019-03-25,118.900002,118.900002,116.400002,118.199997,118.199997,11683480
2019-03-26,119.099998,122.150002,118.750000,120.800003,120.800003,13335846
2019-03-27,122.400002,123.449997,120.300003,121.550003,121.550003,16800819
2019-03-28,121.750000,131.399994,121.550003,130.100006,130.100006,44199513
2019-04-01,133.000000,137.300003,130.250000,132.699997,132.699997,42469408
2019-04-02,133.699997,135.399994,130.800003,133.199997,133.199997,29686522
2019-04-03,134.399994,137.149994,131.350006,132.050003,132.050003,31127867
2019-04-04,133.199997,134.000000,130.199997,131.199997,131.199997,25022512
2019-04-05,131.949997,132.850006,128.800003,130.600006,130.600006,21264107
2019-04-08,131.300003,134.399994,129.350006,130.000000,130.000000,25439662
2019-04-09,130.399994,132.649994,127.750000,132.050003,132.050003,22294096
2019-04-10,131.949997,132.699997,129.100006,129.699997,129.699997,15717985
2019-04-11,129.550003,130.199997,127.699997,128.699997,128.699997,13868679
2019-04-12,128.699997,132.000000,127.900002,131.149994,131.149994,15552675
2019-04-15,131.399994,132.199997,129.800003,130.750000,130.750000,12867190
2019-04-16,131.100006,131.550003,130.000000,130.899994,130.899994,10100946
2019-04-18,130.850006,131.050003,125.750000,126.550003,126.550003,13933866
2019-04-22,126.050003,126.400002,123.150002,123.800003,123.800003,13597846
2019-04-23,123.800003,126.699997,122.699997,123.099998,123.099998,16973355
2019-04-24,123.900002,125.449997,122.699997,125.099998,125.099998,12660017
2019-04-25,125.199997,125.750000,121.500000,122.000000,122.000000,16646745
2019-04-26,123.199997,124.000000,121.650002,123.250000,123.250000,12210778
2019-04-30,123.000000,123.000000,113.750000,116.650002,116.650002,28462786
2019-05-02,116.000000,117.949997,114.849998,115.900002,115.900002,16270959
2019-05-03,117.050003,120.449997,116.500000,119.050003,119.050003,21874589
2019-05-06,117.000000,118.599998,115.550003,116.000000,116.000000,11664203
2019-05-07,117.000000,117.449997,112.000000,112.550003,112.550003,13550529
2019-05-08,112.599998,113.849998,110.250000,110.949997,110.949997,17253993
2019-05-09,111.150002,112.650002,109.900002,111.349998,111.349998,15181417
2019-05-10,112.300003,114.949997,110.750000,113.650002,113.650002,16554916
2019-05-13,113.199997,113.449997,104.800003,105.800003,105.800003,22850959
2019-05-14,106.800003,110.849998,104.250000,109.800003,109.800003,24673541
2019-05-15,110.300003,110.300003,107.000000,107.800003,107.800003,15300951
2019-05-16,108.150002,110.400002,105.800003,109.800003,109.800003,13844349
2019-05-17,109.750000,113.150002,107.699997,112.250000,112.250000,18188023
2019-05-20,117.900002,124.699997,115.199997,122.900002,122.900002,28831104
2019-05-21,123.199997,127.300003,122.000000,125.800003,125.800003,36958794
2019-05-22,126.699997,128.000000,124.949997,126.150002,126.150002,24188827
2019-05-23,129.000000,144.000000,126.550003,127.550003,127.550003,107991987
2019-05-24,129.399994,138.399994,128.649994,137.350006,137.350006,55810944
2019-05-27,137.300003,141.699997,136.399994,140.949997,140.949997,28842316
2019-05-28,140.750000,143.500000,136.800003,139.800003,139.800003,28207829
2019-05-29,139.050003,139.100006,135.699997,136.350006,136.350006,16932356
2019-05-30,136.000000,137.750000,134.250000,135.100006,135.100006,20408134
2019-05-31,137.000000,138.149994,130.000000,133.250000,133.250000,26941798
2019-06-03,133.899994,133.899994,129.199997,131.550003,131.550003,25926630
2019-06-04,131.600006,135.100006,130.699997,132.600006,132.600006,27690204
2019-06-06,132.949997,132.949997,122.250000,124.349998,124.349998,44472552
2019-06-07,123.000000,124.800003,120.349998,121.300003,121.300003,26690749
2019-06-10,123.300003,124.599998,117.300003,117.949997,117.949997,27897842
2019-06-11,119.000000,122.000000,117.550003,121.300003,121.300003,22557180
2019-06-12,121.300003,122.449997,119.949997,121.300003,121.300003,16000319
2019-06-13,121.250000,122.000000,117.099998,121.050003,121.050003,21427393
2019-06-14,121.300003,121.849998,118.099998,119.099998,119.099998,17291625
2019-06-17,119.349998,119.449997,116.050003,116.599998,116.599998,16409459
2019-06-18,117.300003,118.400002,115.099998,116.500000,116.500000,19869838
2019-06-19,118.000000,119.199997,114.300003,115.800003,115.800003,17739731
2019-06-20,116.199997,119.000000,115.250000,118.500000,118.500000,17575444
2019-06-21,118.599998,119.449997,117.199997,118.050003,118.050003,19336018
2019-06-24,118.349998,119.949997,117.400002,118.250000,118.250000,16957023
2019-06-25,118.199997,120.400002,117.699997,120.000000,120.000000,14107941
2019-06-26,119.650002,121.800003,119.150002,121.449997,121.449997,15346189
2019-06-27,122.000000,123.000000,120.250000,121.400002,121.400002,43164548
2019-06-28,121.000000,125.599998,120.500000,121.599998,121.599998,36026820
2019-07-01,122.900002,123.000000,119.849998,121.250000,121.250000,17877613
2019-07-02,121.699997,121.949997,120.099998,120.500000,120.500000,13541937
2019-07-03,120.900002,126.150002,119.550003,125.500000,125.500000,36076430
2019-07-04,126.000000,131.000000,126.000000,129.399994,129.399994,44586582
2019-07-05,130.000000,132.850006,127.199997,130.449997,130.449997,46003784
2019-07-08,130.199997,130.899994,123.099998,124.650002,124.650002,31279495
2019-07-09,123.900002,126.400002,122.750000,125.900002,125.900002,14869226
2019-07-10,126.750000,127.250000,123.699997,124.250000,124.250000,15786409
2019-07-11,125.000000,126.500000,123.900002,126.000000,126.000000,14450972
2019-07-12,125.949997,127.300003,124.949997,125.949997,125.949997,12403617
2019-07-15,125.500000,125.699997,121.650002,122.000000,122.000000,15285529
2019-07-16,121.000000,124.699997,120.500000,124.199997,124.199997,19467661
2019-07-17,124.199997,128.399994,123.250000,127.300003,127.300003,17922297
2019-07-18,127.349998,127.349998,121.050003,121.349998,121.349998,21215697
2019-07-19,122.250000,122.699997,116.849998,118.000000,118.000000,19834528
2019-07-22,118.000000,119.349998,115.849998,118.349998,118.349998,18668714
2019-07-23,118.800003,119.150002,112.050003,112.500000,112.500000,27847381
2019-07-24,112.599998,113.750000,109.199997,110.199997,110.199997,20247743
2019-07-25,110.400002,111.099998,108.300003,109.550003,109.550003,18973739
2019-07-26,112.000000,114.199997,110.000000,112.550003,112.550003,32878840
2019-07-29,112.500000,112.849998,108.599998,109.000000,109.000000,21977839
2019-07-30,109.099998,109.900002,101.349998,102.650002,102.650002,27282787
2019-07-31,102.349998,107.400002,101.699997,106.699997,106.699997,24435796
2019-08-01,105.000000,107.150002,102.800003,105.550003,105.550003,22516129
2019-08-02,104.599998,107.000000,102.900002,104.900002,104.900002,24790865
2019-08-05,104.199997,104.199997,99.199997,103.150002,103.150002,26343953
2019-08-06,102.000000,105.199997,101.849998,104.199997,104.199997,19905572
2019-08-07,104.400002,105.750000,97.050003,97.599998,97.599998,34519236
2019-08-08,98.449997,101.099998,96.500000,100.050003,100.050003,36696809
2019-08-09,100.750000,101.699997,98.699997,99.849998,99.849998,20365591
2019-08-13,100.000000,102.400002,97.099998,98.099998,98.099998,22374374
2019-08-14,98.349998,101.500000,98.099998,101.099998,101.099998,21623579
2019-08-16,100.050003,103.250000,99.449997,102.449997,102.449997,24121786
2019-08-19,102.699997,103.199997,101.150002,102.599998,102.599998,19400781
2019-08-20,102.250000,102.250000,97.849998,98.699997,98.699997,25137708
2019-08-21,98.699997,99.699997,93.300003,94.849998,94.849998,30942720
2019-08-22,94.300003,95.000000,89.650002,90.650002,90.650002,32838820
2019-08-23,90.750000,94.599998,89.900002,93.500000,93.500000,26850219
2019-08-26,99.900002,99.900002,91.500000,95.050003,95.050003,43374486
2019-08-27,97.000000,99.199997,96.650002,97.300003,97.300003,35349172
2019-08-28,97.199997,97.650002,93.750000,94.500000,94.500000,24947200
2019-08-29,94.000000,96.000000,91.349998,91.800003,91.800003,28470571
2019-08-30,92.300003,93.550003,89.099998,92.599998,92.599998,39229554
2019-09-03,92.000000,93.449997,90.300003,91.449997,91.449997,27311759
2019-09-04,91.400002,93.699997,91.000000,93.300003,93.300003,29081927
2019-09-05,93.650002,96.000000,91.800003,93.750000,93.750000,23259084
2019-09-06,94.000000,95.400002,93.150002,94.400002,94.400002,19983569
2019-09-09,94.000000,96.250000,93.300003,95.550003,95.550003,18357251
2019-09-11,95.550003,99.650002,95.550003,99.050003,99.050003,21886257
2019-09-12,99.550003,102.500000,98.900002,101.099998,101.099998,37650231
2019-09-13,100.800003,101.400002,96.750000,99.949997,99.949997,32807009
2019-09-16,98.949997,100.250000,97.500000,98.849998,98.849998,17038914
2019-09-17,98.550003,99.500000,94.900002,95.150002,95.150002,19835966
2019-09-18,95.900002,96.900002,94.349998,95.949997,95.949997,20640002
2019-09-19,95.949997,96.000000,93.750000,94.599998,94.599998,18279548
2019-09-20,94.699997,102.750000,90.750000,100.300003,100.300003,70332391
2019-09-23,102.949997,103.150002,98.500000,100.699997,100.699997,48127877
2019-09-24,100.000000,101.599998,98.750000,99.199997,99.199997,23331962
2019-09-25,98.150002,98.400002,93.000000,93.500000,93.500000,23376094
2019-09-26,93.949997,97.750000,93.750000,95.750000,95.750000,29876161
2019-09-27,94.500000,96.699997,93.849998,95.099998,95.099998,23168151
2019-09-30,95.099998,95.500000,91.500000,93.050003,93.050003,26815456
2019-10-01,94.000000,94.800003,85.650002,91.300003,91.300003,37248976
2019-10-03,90.750000,93.099998,89.400002,90.900002,90.900002,32868099
2019-10-04,92.000000,92.449997,88.000000,88.599998,88.599998,26723333
2019-10-07,88.250000,89.650002,85.750000,87.250000,87.250000,32910801
2019-10-09,86.199997,91.599998,86.000000,91.050003,91.050003,29668675
2019-10-10,89.900002,89.900002,87.250000,87.800003,87.800003,23558861
2019-10-11,88.449997,91.199997,86.300003,90.849998,90.849998,36434582
2019-10-14,88.000000,91.000000,87.250000,88.300003,88.300003,32891475
2019-10-15,88.250000,88.750000,86.800003,88.000000,88.000000,25324047
2019-10-16,88.250000,89.849998,87.000000,87.300003,87.300003,21601532
2019-10-17,87.300003,89.449997,86.300003,89.000000,89.000000,33807958
2019-10-18,88.900002,90.849998,88.150002,89.800003,89.800003,26210863
2019-10-22,89.500000,92.599998,89.050003,90.150002,90.150002,24388459
2019-10-23,90.099998,92.949997,89.500000,92.449997,92.449997,22808547
2019-10-24,92.699997,93.599998,87.949997,89.900002,89.900002,26248072
2019-10-25,90.000000,92.150002,88.699997,91.550003,91.550003,31767476
2019-10-27,null,null,null,null,null,null
2019-10-29,90.099998,93.599998,90.099998,93.050003,93.050003,19787731
2019-10-30,93.400002,97.099998,92.800003,95.550003,95.550003,31568294
2019-10-31,96.250000,99.000000,95.650002,97.199997,97.199997,43288594
2019-11-01,97.500000,100.949997,96.900002,100.000000,100.000000,39869804
2019-11-04,100.449997,103.750000,100.349998,101.949997,101.949997,33014625
2019-11-05,102.150002,103.949997,101.300003,101.900002,101.900002,32355920
2019-11-06,101.699997,101.900002,98.750000,99.449997,99.449997,30831213
2019-11-07,99.900002,100.650002,95.650002,96.199997,96.199997,34005915
2019-11-08,95.699997,97.150002,93.349998,93.800003,93.800003,36265152
2019-11-11,94.000000,98.900002,94.000000,96.500000,96.500000,42257119
2019-11-13,97.000000,97.349998,93.000000,93.349998,93.349998,23333054
2019-11-14,93.500000,94.000000,90.650002,93.300003,93.300003,29659716
2019-11-15,93.650002,96.550003,93.650002,94.300003,94.300003,34167904
2019-11-18,94.900002,96.199997,94.300003,95.900002,95.900002,20091100
2019-11-19,96.000000,99.550003,95.800003,99.000000,99.000000,34458756
2019-11-20,100.000000,101.349998,98.050003,98.900002,98.900002,34325824
2019-11-21,99.349998,100.500000,98.349998,98.599998,98.599998,23420705
2019-11-22,99.000000,99.800003,98.400002,99.099998,99.099998,19122025
2019-11-25,99.099998,100.900002,98.900002,100.550003,100.550003,17679743
2019-11-26,100.949997,103.150002,99.099998,99.900002,99.900002,32085550
2019-11-27,100.300003,102.699997,99.400002,102.150002,102.150002,21675598
2019-11-28,102.849998,106.800003,102.599998,106.400002,106.400002,46186176
2019-11-29,106.949997,108.250000,104.500000,104.900002,104.900002,36061330
2019-12-02,105.000000,106.150002,104.050003,104.400002,104.400002,17206241
2019-12-03,104.400002,105.000000,100.550003,101.099998,101.099998,23193098
2019-12-04,101.000000,104.000000,100.050003,103.750000,103.750000,25535652
2019-12-05,104.849998,105.650002,101.650002,102.250000,102.250000,30318270
2019-12-06,103.300003,103.650002,96.199997,97.050003,97.050003,38792538
2019-12-09,97.050003,98.400002,95.500000,96.949997,96.949997,32714343
2019-12-10,97.750000,98.050003,95.199997,95.599998,95.599998,26343866
2019-12-11,95.750000,96.500000,94.199997,95.699997,95.699997,18308976
2019-12-12,96.300003,98.300003,95.750000,97.900002,97.900002,18708706
2019-12-13,98.449997,102.150002,98.199997,101.750000,101.750000,34076279
2019-12-16,102.199997,102.199997,100.349998,101.000000,101.000000,18058824
2019-12-17,101.449997,103.500000,101.150002,102.199997,102.199997,22444734
2019-12-18,101.449997,101.599998,98.500000,98.900002,98.900002,27067150
2019-12-19,98.449997,99.349998,97.650002,98.550003,98.550003,22316938
2019-12-20,99.050003,101.250000,99.000000,100.699997,100.699997,24865061
2019-12-23,100.599998,101.099998,99.199997,99.699997,99.699997,19266221
2019-12-24,99.800003,100.650002,99.599998,99.900002,99.900002,14586094
2019-12-26,100.300003,100.349998,98.550003,99.050003,99.050003,19910616
2019-12-27,99.650002,104.599998,99.599998,104.250000,104.250000,44118153
2019-12-30,104.050003,104.349998,102.050003,102.900002,102.900002,18622914
2019-12-31,102.900002,103.199997,101.550003,101.900002,101.900002,15943079
2020-01-01,102.250000,102.699997,101.300003,101.900002,101.900002,12896434
2020-01-02,102.099998,104.849998,101.750000,104.449997,104.449997,18704405
2020-01-03,103.949997,103.949997,100.099998,100.849998,100.849998,24439056
2020-01-06,99.949997,99.949997,95.349998,95.800003,95.800003,30549236
2020-01-07,97.599998,98.150002,94.750000,96.150002,96.150002,31124816
2020-01-08,94.000000,95.800003,93.500000,95.300003,95.300003,26770478
2020-01-09,97.250000,98.000000,96.550003,97.300003,97.300003,21511429
2020-01-10,97.750000,98.949997,96.650002,97.050003,97.050003,22583687
2020-01-13,97.400002,98.099998,97.000000,97.550003,97.550003,15182504
2020-01-14,97.900002,98.699997,96.449997,97.800003,97.800003,14721468
2020-01-15,97.599998,98.300003,96.300003,98.000000,98.000000,17552783
2020-01-16,98.000000,99.000000,97.349998,97.650002,97.650002,15395112
2020-01-17,96.000000,98.250000,95.099998,97.349998,97.349998,16846301
2020-01-20,97.849998,97.849998,94.300003,94.699997,94.699997,20296585
2020-01-21,94.699997,95.699997,94.099998,94.750000,94.750000,16440135
2020-01-22,95.500000,95.750000,93.500000,94.300003,94.300003,16534303
2020-01-23,94.199997,96.250000,94.000000,94.900002,94.900002,17790397
2020-01-24,95.000000,96.550003,94.849998,95.599998,95.599998,21508398
2020-01-27,93.250000,93.900002,92.000000,92.349998,92.349998,44570494
2020-01-28,92.650002,93.750000,92.250000,93.199997,93.199997,23833458
2020-01-29,93.750000,94.199997,93.349998,93.699997,93.699997,14424795
2020-01-30,93.500000,93.550003,92.000000,93.099998,93.099998,18403471
2020-01-31,93.500000,94.099998,92.400002,92.699997,92.699997,22498038
2020-02-03,88.900002,89.300003,85.400002,85.900002,85.900002,27702836
2020-02-04,86.800003,87.900002,86.099998,87.099998,87.099998,21444489
2020-02-05,87.500000,88.699997,87.000000,88.150002,88.150002,18282043
2020-02-06,88.599998,92.500000,88.000000,91.650002,91.650002,31183865
2020-02-07,91.550003,92.750000,90.250000,92.050003,92.050003,19744328
2020-02-10,91.849998,92.300003,89.599998,90.099998,90.099998,12920134
2020-02-11,90.800003,91.599998,90.000000,90.349998,90.349998,10892762
2020-02-12,90.550003,91.199997,87.550003,88.250000,88.250000,15597107
2020-02-13,88.250000,89.099998,87.750000,88.050003,88.050003,14891172
2020-02-14,88.150002,88.949997,86.099998,86.449997,86.449997,15401905
2020-02-17,85.300003,86.349998,82.000000,82.300003,82.300003,22256419
2020-02-18,82.250000,82.400002,78.199997,81.000000,81.000000,28227097
2020-02-19,81.699997,82.599998,80.199997,81.099998,81.099998,15937963
2020-02-20,80.349998,83.250000,80.300003,82.250000,82.250000,18131343
2020-02-24,80.900002,82.099998,79.699997,79.900002,79.900002,15685366
2020-02-25,80.500000,81.199997,79.400002,80.050003,80.050003,13755466
2020-02-26,79.250000,81.050003,79.050003,80.199997,80.199997,15584386
2020-02-27,80.000000,80.349998,77.199997,78.300003,78.300003,23401192
2020-02-28,76.400002,77.599998,73.300003,76.300003,76.300003,34963801
2020-03-02,77.500000,78.349998,70.349998,71.150002,71.150002,40961015
2020-03-03,71.250000,73.400002,71.000000,72.900002,72.900002,23348154
2020-03-04,73.050003,74.150002,71.250000,73.300003,73.300003,24339350
2020-03-05,73.199997,75.349998,70.650002,73.650002,73.650002,27590830
2020-03-06,69.800003,72.650002,68.750000,71.750000,71.750000,22864611
2020-03-09,69.699997,72.599998,68.500000,69.349998,69.349998,25784019
2020-03-11,69.750000,70.650002,65.300003,66.599998,66.599998,26729070
2020-03-12,62.099998,62.950001,56.150002,56.650002,56.650002,34993748
2020-03-13,51.049999,66.349998,46.500000,65.349998,65.349998,47239291
2020-03-16,62.000000,64.449997,60.299999,63.700001,63.700001,26404655
2020-03-17,63.799999,69.599998,62.150002,66.150002,66.150002,31265472
2020-03-18,66.000000,67.300003,63.000000,65.150002,65.150002,31388917
2020-03-19,60.299999,69.000000,60.200001,61.450001,61.450001,40171350
2020-03-20,62.049999,66.900002,61.849998,63.250000,63.250000,31615664
2020-03-23,57.500000,60.950001,52.900002,53.849998,53.849998,17303010
2020-03-24,55.049999,56.900002,51.700001,55.400002,55.400002,19141492
2020-03-25,53.099998,59.950001,52.799999,58.200001,58.200001,24727678
2020-03-26,59.200001,60.049999,54.750000,55.950001,55.950001,30819416
2020-03-27,57.299999,61.500000,53.349998,54.349998,54.349998,38981414
2020-03-30,52.099998,53.849998,51.299999,52.450001,52.450001,18352697
2020-03-31,53.400002,56.200001,51.599998,53.549999,53.549999,22322014
2020-04-01,54.000000,54.349998,50.799999,51.250000,51.250000,16339932
2020-04-03,51.250000,51.299999,48.500000,48.700001,48.700001,20734879
2020-04-07,50.250000,50.900002,47.700001,48.150002,48.150002,25455987
2020-04-08,48.000000,51.500000,47.299999,48.349998,48.349998,27158184
2020-04-09,49.000000,51.900002,48.799999,50.900002,50.900002,26072505
2020-04-13,50.900002,51.200001,48.700001,49.849998,49.849998,14154302
2020-04-15,50.200001,51.900002,48.500000,48.950001,48.950001,20241232
2020-04-16,49.150002,50.200001,48.250000,49.599998,49.599998,19193391
2020-04-17,51.250000,52.349998,49.049999,50.200001,50.200001,35112523
2020-04-20,51.000000,53.200001,49.650002,51.200001,51.200001,47810191
2020-04-21,49.799999,50.000000,48.400002,48.549999,48.549999,23443042
2020-04-22,48.500000,48.750000,47.000000,48.299999,48.299999,26224358
2020-04-23,48.599998,49.200001,48.000000,48.450001,48.450001,16711632
2020-04-24,47.650002,48.000000,46.099998,46.349998,46.349998,18982469
2020-04-27,47.250000,47.799999,46.549999,46.750000,46.750000,17013194
2020-04-28,47.000000,47.500000,46.700001,47.299999,47.299999,17324239
2020-04-29,47.549999,48.650002,47.200001,48.099998,48.099998,26516294
2020-04-30,49.000000,51.250000,48.400002,49.200001,49.200001,41910726
2020-05-04,48.000000,48.000000,45.500000,45.849998,45.849998,23189709
2020-05-05,46.500000,46.500000,43.799999,44.000000,44.000000,26003403
2020-05-06,44.000000,44.200001,41.799999,42.299999,42.299999,33143222
2020-05-07,42.000000,43.250000,41.599998,42.500000,42.500000,17313624
2020-05-08,43.000000,43.349998,41.000000,41.099998,41.099998,19319340
2020-05-11,41.849998,41.849998,40.549999,41.000000,41.000000,19452306
2020-05-12,40.599998,41.549999,39.349998,41.049999,41.049999,24650906
2020-05-13,44.000000,45.150002,42.200001,44.150002,44.150002,57645381
2020-05-14,43.599998,44.900002,42.849998,43.150002,43.150002,26195162
2020-05-15,43.150002,43.599998,41.400002,41.599998,41.599998,24225903
2020-05-18,41.500000,41.700001,38.349998,38.599998,38.599998,35347912
2020-05-19,39.000000,39.299999,36.299999,36.500000,36.500000,43613240
2020-05-20,36.150002,37.200001,36.000000,36.650002,36.650002,28593538
2020-05-21,36.950001,39.099998,36.599998,37.549999,37.549999,53392745
2020-05-22,37.700001,39.250000,36.750000,37.450001,37.450001,51974577
2020-05-26,37.849998,38.349998,36.700001,37.099998,37.099998,33523817
2020-05-27,37.299999,38.900002,36.750000,38.500000,38.500000,43369930
2020-05-28,38.549999,39.950001,38.299999,38.599998,38.599998,51180429
2020-05-29,38.450001,39.150002,37.500000,38.950001,38.950001,33859195
2020-06-01,39.700001,42.799999,39.400002,42.450001,42.450001,78512022
2020-06-02,42.750000,43.099998,41.349998,42.099998,42.099998,45380371
2020-06-03,42.900002,45.099998,42.299999,43.150002,43.150002,73275527
2020-06-04,43.400002,45.099998,42.299999,42.799999,42.799999,72264968
2020-06-05,43.250000,47.000000,43.150002,46.500000,46.500000,77982816
2020-06-08,48.000000,49.000000,45.400002,45.750000,45.750000,74312392
2020-06-09,45.750000,47.549999,44.400002,45.799999,45.799999,71124780
2020-06-10,45.700001,47.400002,45.549999,47.000000,47.000000,44735559
2020-06-11,47.200001,47.950001,45.000000,45.150002,45.150002,53650564
2020-06-12,42.000000,45.599998,41.849998,45.450001,45.450001,44354760
2020-06-15,45.200001,46.299999,43.650002,45.950001,45.950001,50668567
2020-06-16,47.000000,47.400002,43.750000,44.849998,44.849998,48129454
2020-06-17,44.500000,45.650002,43.849998,44.900002,44.900002,39634440
2020-06-18,44.799999,46.450001,44.549999,45.950001,45.950001,30454202
2020-06-19,46.450001,47.500000,45.900002,47.049999,47.049999,48150710
2020-06-22,47.549999,50.099998,47.400002,49.400002,49.400002,65558629
2020-06-23,50.599998,51.049999,49.500000,50.500000,50.500000,64519175
2020-06-24,54.799999,54.799999,51.099998,51.599998,51.599998,135170862
2020-06-25,51.000000,53.000000,50.099998,52.000000,52.000000,63333486
2020-06-26,52.900002,53.099998,51.500000,51.849998,51.849998,36645445
2020-06-29,51.500000,51.500000,48.950001,49.250000,49.250000,33607170
2020-06-30,49.799999,50.299999,48.299999,48.599998,48.599998,24089605
2020-07-01,48.650002,51.700001,48.200001,51.400002,51.400002,56375631
2020-07-02,51.549999,52.400002,50.549999,51.500000,51.500000,48615605
2020-07-03,51.599998,51.849998,50.549999,50.750000,50.750000,26625837
2020-07-06,51.000000,52.000000,50.900002,51.450001,51.450001,28184041
2020-07-07,51.400002,51.400002,49.700001,50.799999,50.799999,36426730
2020-07-08,50.799999,54.099998,50.750000,52.750000,52.750000,96883829
2020-07-09,53.000000,53.500000,51.900002,52.799999,52.799999,37523589
2020-07-10,52.150002,53.349998,50.900002,51.599998,51.599998,36913261
2020-07-13,52.000000,52.450001,50.150002,50.549999,50.549999,31367756
2020-07-14,50.299999,50.299999,48.099998,49.000000,49.000000,35213141
2020-07-15,49.500000,49.900002,47.200001,47.549999,47.549999,31647134
2020-07-16,48.000000,48.349998,46.900002,48.099998,48.099998,22261317
2020-07-17,48.250000,49.700001,48.049999,49.400002,49.400002,23121971
2020-07-20,49.450001,50.299999,48.400002,48.650002,48.650002,33226925
2020-07-21,49.450001,49.849998,48.700001,49.400002,49.400002,26865913
2020-07-22,49.500000,49.950001,48.349998,48.700001,48.700001,27424578
2020-07-23,48.900002,49.650002,48.500000,49.250000,49.250000,23205494
2020-07-24,48.599998,49.099998,47.700001,48.599998,48.599998,21487345
2020-07-27,48.599998,48.599998,46.549999,46.650002,46.650002,25743409
2020-07-28,46.799999,47.250000,45.950001,46.799999,46.799999,20236612
2020-07-29,47.000000,48.650002,46.849998,47.349998,47.349998,32645844
2020-07-30,47.700001,47.900002,45.700001,45.950001,45.950001,24738261
2020-07-31,46.000000,47.200001,45.450001,46.799999,46.799999,31803669
2020-08-03,46.450001,47.500000,46.200001,46.849998,46.849998,20459628
2020-08-04,47.000000,47.200001,45.900002,46.500000,46.500000,24686318
2020-08-05,46.700001,47.450001,46.250000,46.349998,46.349998,25598777
2020-08-06,46.799999,47.049999,45.900002,46.250000,46.250000,25763344
2020-08-07,46.400002,48.849998,46.099998,48.349998,48.349998,37146011
2020-08-10,48.950001,49.250000,47.900002,48.549999,48.549999,28220281
2020-08-11,47.000000,48.400002,46.700001,47.099998,47.099998,36464567
2020-08-12,47.599998,49.900002,47.200001,48.599998,48.599998,73911653
2020-08-13,48.799999,49.000000,47.799999,48.099998,48.099998,21610816
2020-08-14,48.500000,48.500000,45.799999,46.099998,46.099998,40561013
2020-08-17,46.700001,46.750000,45.650002,46.150002,46.150002,26149211
2020-08-18,46.400002,46.650002,45.650002,46.500000,46.500000,34889012
2020-08-19,46.700001,47.750000,46.599998,47.599998,47.599998,27392535
2020-08-20,47.150002,48.000000,46.400002,47.450001,47.450001,22310955
2020-08-21,47.950001,48.849998,47.700001,48.349998,48.349998,22911875
2020-08-24,48.700001,48.799999,47.500000,48.349998,48.349998,39209021
2020-08-25,48.599998,49.500000,48.450001,48.700001,48.700001,42066104
2020-08-26,48.549999,49.099998,48.150002,48.450001,48.450001,24376702
2020-08-27,48.799999,49.500000,48.549999,48.700001,48.700001,34037234
2020-08-28,49.049999,52.200001,48.900002,51.599998,51.599998,101654516
2020-08-31,53.500000,53.950001,48.049999,48.950001,48.950001,54488989
2020-09-01,49.500000,49.799999,46.849998,47.549999,47.549999,43888630
2020-09-02,47.799999,48.250000,46.700001,47.250000,47.250000,32628864
2020-09-03,47.799999,47.950001,47.049999,47.299999,47.299999,20869725
2020-09-04,46.700001,47.049999,45.750000,45.900002,45.900002,37393468
2020-09-07,46.000000,46.500000,45.000000,46.200001,46.200001,30300060
2020-09-08,46.299999,46.450001,45.049999,45.250000,45.250000,26695514
2020-09-09,44.799999,44.799999,43.799999,44.349998,44.349998,19912040
2020-09-10,44.799999,45.799999,44.599998,45.599998,45.599998,17528590
2020-09-11,45.500000,46.099998,45.299999,45.950001,45.950001,13133617
2020-09-14,46.150002,46.650002,46.000000,46.150002,46.150002,15548134
2020-09-15,46.250000,46.700001,45.650002,46.549999,46.549999,12525341
2020-09-16,46.549999,46.700001,45.849998,46.450001,46.450001,10517836
2020-09-17,45.799999,46.299999,45.500000,45.599998,45.599998,12133041
2020-09-18,45.849998,45.900002,44.900002,45.049999,45.049999,14227945
2020-09-21,45.299999,45.299999,42.500000,42.849998,42.849998,23382228
2020-09-22,42.650002,42.950001,40.849998,42.299999,42.299999,26901699
2020-09-23,42.700001,42.799999,40.849998,41.549999,41.549999,23937482
2020-09-24,40.750000,41.200001,39.650002,39.849998,39.849998,21988800
2020-09-25,40.200001,41.849998,39.500000,41.549999,41.549999,21522463
2020-09-28,42.099998,43.450001,41.650002,43.349998,43.349998,21360150
2020-09-29,43.400002,43.599998,40.700001,41.349998,41.349998,31387359
2020-09-30,41.650002,41.650002,40.299999,41.049999,41.049999,32130906
2020-10-01,41.349998,42.599998,41.349998,41.950001,41.950001,21969216
2020-10-05,42.099998,42.799999,41.400002,41.549999,41.549999,21946326
2020-10-06,41.799999,42.250000,40.799999,42.049999,42.049999,29879095
2020-10-07,42.000000,42.250000,41.299999,41.500000,41.500000,13207267
2020-10-08,41.849998,43.450001,41.599998,42.599998,42.599998,29261197
2020-10-09,42.500000,44.450001,41.950001,44.299999,44.299999,27476445
2020-10-12,44.400002,45.549999,41.200001,41.799999,41.799999,36830839
2020-10-13,41.799999,42.150002,41.200001,41.299999,41.299999,19646627
2020-10-14,41.500000,42.250000,40.349998,42.049999,42.049999,17707153
2020-10-15,41.900002,42.750000,40.000000,40.349998,40.349998,22010503
2020-10-16,40.700001,41.099998,39.900002,40.299999,40.299999,18306969
2020-10-19,41.000000,43.849998,40.549999,43.599998,43.599998,43030607
2020-10-20,43.049999,43.250000,41.450001,41.849998,41.849998,38021799
2020-10-21,42.200001,43.299999,41.650002,42.549999,42.549999,30554283
2020-10-22,42.400002,43.200001,41.849998,42.849998,42.849998,27573786
2020-10-23,42.900002,43.650002,42.799999,43.150002,43.150002,27661343
2020-10-26,43.049999,43.750000,42.549999,42.700001,42.700001,33556100
2020-10-27,42.700001,43.099998,41.500000,42.900002,42.900002,21932525
2020-10-28,42.799999,43.200001,41.650002,42.000000,42.000000,20409998
2020-10-29,41.750000,43.450001,41.049999,42.950001,42.950001,37137960
2020-10-30,43.250000,43.450001,41.349998,41.700001,41.700001,45661090
2020-11-02,42.099998,45.250000,41.849998,44.849998,44.849998,61695399
2020-11-03,44.599998,45.750000,43.799999,45.049999,45.049999,38365746
2020-11-04,44.750000,45.299999,43.400002,45.049999,45.049999,35144741
2020-11-05,45.299999,46.549999,45.049999,45.750000,45.750000,31843085
2020-11-06,45.599998,46.400002,45.099998,45.799999,45.799999,25675306
2020-11-09,46.349998,47.400002,46.000000,46.750000,46.750000,30062307
2020-11-10,47.000000,48.799999,46.500000,48.200001,48.200001,39007158
2020-11-11,48.299999,48.900002,46.700001,47.200001,47.200001,35470779
2020-11-12,47.099998,47.250000,45.400002,45.650002,45.650002,30619367
2020-11-13,45.450001,46.750000,44.400002,46.549999,46.549999,26724684
2020-11-14,null,null,null,null,null,null
2020-11-17,46.700001,47.900002,46.700001,47.549999,47.549999,21494471
2020-11-18,47.150002,49.900002,47.000000,49.599998,49.599998,52946624
2020-11-19,49.349998,49.349998,47.650002,47.950001,47.950001,27880377
2020-11-20,47.950001,48.299999,47.200001,47.549999,47.549999,17592043
2020-11-23,47.849998,48.200001,46.700001,46.900002,46.900002,20454971
2020-11-24,47.200001,47.450001,46.000000,46.849998,46.849998,31404794
2020-11-25,47.549999,50.700001,47.299999,49.049999,49.049999,95600102
2020-11-26,49.099998,51.500000,48.250000,51.150002,51.150002,55805690
2020-11-27,51.150002,52.500000,50.599998,51.349998,51.349998,61204165
2020-12-01,51.549999,54.200001,51.150002,53.750000,53.750000,58316841
2020-12-02,53.950001,55.250000,53.049999,54.099998,54.099998,61231380
2020-12-03,54.650002,58.700001,54.349998,58.299999,58.299999,88098471
2020-12-04,58.900002,59.750000,56.599998,59.049999,59.049999,73822092
2020-12-07,59.200001,61.000000,58.500000,60.150002,60.150002,63605512
2020-12-08,60.150002,66.150002,59.900002,65.199997,65.199997,134428758
2020-12-09,67.349998,67.599998,64.199997,65.599998,65.599998,115081316
2020-12-10,64.949997,66.800003,62.900002,66.349998,66.349998,69017267
2020-12-11,66.349998,68.250000,65.000000,65.449997,65.449997,73246944
2020-12-14,66.349998,67.500000,66.150002,67.000000,67.000000,40028589
2020-12-15,67.150002,68.099998,65.500000,67.150002,67.150002,43111626
2020-12-16,67.699997,67.900002,65.650002,66.400002,66.400002,33186305
2020-12-17,66.400002,67.150002,63.349998,63.799999,63.799999,39697753
2020-12-18,63.950001,64.250000,62.000000,63.099998,63.099998,38450486
2020-12-21,62.250000,63.500000,56.799999,58.799999,58.799999,50895629
2020-12-22,58.150002,60.000000,56.200001,58.799999,58.799999,52670734
2020-12-23,58.799999,60.799999,58.349998,60.549999,60.549999,32358417
2020-12-24,61.049999,63.250000,60.599998,60.849998,60.849998,39083563
2020-12-28,61.500000,62.950001,61.250000,62.400002,62.400002,27299489
2020-12-29,63.000000,64.199997,62.099998,62.349998,62.349998,41508873
2020-12-30,63.000000,63.250000,60.750000,62.099998,62.099998,33108560
2020-12-31,62.099998,62.549999,61.150002,61.450001,61.450001,22488846
2021-01-01,61.799999,64.800003,61.599998,64.500000,64.500000,43369915
2021-01-04,65.099998,66.300003,64.300003,65.800003,65.800003,40279407
2021-01-05,65.199997,66.250000,64.800003,65.599998,65.599998,31735002
2021-01-06,66.000000,67.699997,64.699997,65.500000,65.500000,47643226
2021-01-07,66.500000,67.000000,65.750000,66.150002,66.150002,27985323
2021-01-08,67.000000,67.150002,65.300003,65.550003,65.550003,22794827
2021-01-11,66.000000,66.150002,63.750000,64.250000,64.250000,23307584
2021-01-12,63.900002,71.699997,63.099998,70.750000,70.750000,81300070
2021-01-13,72.000000,76.000000,70.050003,75.250000,75.250000,127567552
2021-01-14,75.349998,77.900002,74.699997,76.199997,76.199997,73557480
2021-01-15,76.500000,77.800003,72.849998,75.150002,75.150002,61065625
2021-01-18,75.449997,77.099998,72.050003,73.050003,73.050003,58500838
2021-01-19,73.449997,75.949997,73.199997,75.750000,75.750000,36969600
2021-01-20,75.849998,80.300003,75.050003,79.449997,79.449997,61542233
2021-01-21,80.150002,80.800003,75.150002,76.300003,76.300003,53482170
2021-01-22,76.150002,77.349998,73.000000,73.349998,73.349998,45531180
2021-01-25,74.599998,76.150002,70.400002,73.849998,73.849998,53420249
2021-01-27,73.550003,75.500000,72.000000,74.050003,74.050003,72480794
2021-01-28,72.449997,72.800003,64.500000,66.750000,66.750000,153754944
2021-01-29,67.949997,70.150002,66.400002,68.050003,68.050003,72845577
2021-02-01,68.949997,74.400002,67.699997,73.900002,73.900002,88439891
2021-02-02,75.000000,76.949997,73.349998,74.650002,74.650002,73020753
2021-02-03,75.400002,78.849998,73.500000,77.099998,77.099998,65076252
2021-02-04,77.099998,83.099998,76.099998,82.050003,82.050003,95917593
2021-02-05,83.699997,89.000000,81.699997,82.500000,82.500000,121275419
2021-02-08,83.500000,85.099998,80.099998,80.949997,80.949997,44535603
2021-02-09,81.400002,83.150002,78.949997,80.199997,80.199997,56527410
2021-02-10,80.099998,81.099998,78.000000,79.699997,79.699997,43516962
2021-02-11,79.650002,81.199997,76.849998,77.199997,77.199997,65851076
2021-02-12,77.449997,79.500000,77.000000,78.349998,78.349998,48490727
2021-02-15,79.099998,80.699997,78.599998,79.550003,79.550003,39681236
2021-02-16,80.400002,81.750000,78.599998,79.699997,79.699997,44803164
2021-02-17,79.599998,85.500000,79.150002,84.199997,84.199997,109833018
2021-02-18,85.500000,96.699997,84.400002,95.650002,95.650002,256891275
2021-02-19,95.949997,99.849998,88.650002,91.199997,91.199997,184205581
2021-02-22,91.400002,93.750000,88.800003,89.550003,89.550003,75628484
2021-02-23,90.300003,91.599998,86.050003,86.849998,86.849998,68592567
2021-02-24,87.400002,90.300003,86.400002,88.349998,88.349998,40874043
2021-02-25,89.900002,90.650002,89.000000,89.949997,89.949997,52500068
2021-02-26,86.900002,87.199997,85.000000,85.400002,85.400002,87811972
2021-03-01,85.400002,86.349998,82.900002,83.349998,83.349998,51758155
2021-03-02,84.000000,85.250000,83.050003,83.300003,83.300003,39147694
2021-03-03,84.099998,86.900002,84.099998,85.599998,85.599998,55604904
2021-03-04,85.000000,87.800003,84.150002,85.800003,85.800003,62171034
2021-03-05,85.199997,85.800003,79.500000,80.650002,80.650002,100394468
2021-03-08,82.000000,83.500000,80.699997,81.199997,81.199997,49714873
2021-03-09,82.000000,82.650002,78.650002,80.300003,80.300003,35236058
2021-03-10,81.349998,81.900002,79.650002,80.000000,80.000000,36342485
2021-03-12,80.750000,80.900002,76.599998,77.349998,77.349998,54547934
2021-03-15,77.949997,79.699997,76.000000,78.849998,78.849998,74971277
2021-03-16,79.500000,79.949997,76.400002,78.849998,78.849998,65198270
2021-03-17,78.699997,79.000000,74.250000,74.849998,74.849998,47739117
2021-03-18,75.900002,76.949997,70.900002,71.949997,71.949997,61825454
2021-03-19,70.849998,74.349998,69.550003,73.699997,73.699997,63657565
2021-03-22,73.800003,74.650002,71.750000,72.449997,72.449997,43215479
2021-03-23,72.900002,75.849998,72.800003,74.250000,74.250000,66644024
2021-03-24,74.349998,75.150002,71.349998,71.800003,71.800003,53558041
2021-03-25,72.000000,72.300003,68.000000,70.050003,70.050003,57493782
2021-03-26,71.400002,71.900002,70.199997,70.750000,70.750000,34963255
2021-03-30,71.900002,74.199997,70.849998,72.250000,72.250000,83791456
2021-03-31,72.099998,75.449997,71.699997,74.099998,74.099998,54265324
2021-04-01,74.800003,76.000000,73.500000,75.599998,75.599998,38540206
2021-04-05,75.099998,75.650002,70.800003,72.699997,72.699997,37343942
2021-04-06,72.900002,74.300003,71.800003,72.849998,72.849998,38056228
2021-04-07,72.900002,75.550003,72.250000,74.099998,74.099998,40294171
2021-04-08,74.400002,75.599998,73.250000,73.500000,73.500000,38186842
2021-04-09,73.400002,77.400002,72.900002,74.000000,74.000000,57888088
2021-04-12,72.000000,72.000000,63.250000,66.099998,66.099998,77084143
2021-04-13,67.150002,69.300003,66.300003,68.900002,68.900002,49363120
2021-04-15,67.750000,69.400002,66.300003,68.300003,68.300003,51164588
2021-04-16,68.300003,69.500000,67.050003,67.349998,67.349998,36225190
2021-04-19,65.000000,65.000000,62.500000,63.799999,63.799999,49914615
2021-04-20,64.949997,65.800003,62.700001,63.250000,63.250000,36714142
2021-04-22,62.049999,64.199997,61.750000,63.049999,63.049999,45762152
2021-04-23,62.599998,64.949997,62.500000,62.950001,62.950001,45619019
2021-04-26,63.500000,64.449997,63.200001,63.549999,63.549999,34891753
2021-04-27,63.900002,65.550003,63.549999,65.300003,65.300003,45483876
2021-04-28,66.000000,68.150002,65.750000,67.750000,67.750000,47954929
2021-04-29,68.449997,69.750000,66.550003,66.849998,66.849998,50981272
2021-04-30,65.400002,68.400002,65.050003,66.750000,66.750000,51182287
2021-05-03,65.949997,66.949997,64.349998,66.650002,66.650002,44344732
2021-05-04,67.199997,72.949997,67.050003,70.400002,70.400002,117824041
2021-05-05,72.099998,72.949997,70.849998,72.349998,72.349998,66540783
2021-05-06,73.000000,73.000000,70.099998,70.650002,70.650002,38260232
2021-05-07,71.099998,71.699997,69.849998,70.550003,70.550003,26413730
2021-05-10,71.349998,74.400002,70.699997,73.449997,73.449997,50589470
2021-05-11,72.500000,74.599998,71.150002,74.050003,74.050003,56166002
2021-05-12,74.050003,79.949997,73.900002,77.400002,77.400002,128513179
2021-05-14,78.300003,79.550003,73.349998,74.000000,74.000000,86863950
2021-05-17,74.800003,77.750000,73.800003,77.099998,77.099998,73000338
2021-05-18,78.400002,78.599998,76.300003,76.750000,76.750000,53617303
2021-05-19,76.599998,78.250000,76.150002,76.699997,76.699997,54818016
2021-05-20,77.000000,77.599998,75.900002,76.500000,76.500000,57767243
2021-05-21,77.500000,81.150002,77.099998,80.800003,80.800003,136879510
2021-05-24,82.300003,83.349998,80.349998,81.349998,81.349998,129796622
2021-05-25,82.099998,82.449997,80.449997,80.849998,80.849998,55767882
2021-05-26,81.349998,82.300003,80.000000,80.599998,80.599998,54711508
2021-05-27,80.900002,84.199997,79.800003,83.550003,83.550003,106192011
2021-05-28,84.400002,84.599998,81.800003,83.849998,83.849998,93311026
2021-05-31,83.000000,83.500000,79.099998,80.699997,80.699997,129974240
2021-06-01,81.050003,81.250000,78.800003,79.349998,79.349998,59105829
2021-06-02,79.150002,81.849998,78.599998,81.199997,81.199997,51078156
2021-06-03,81.949997,82.800003,81.500000,81.800003,81.800003,42158361
2021-06-04,82.099998,82.849998,81.150002,81.849998,81.849998,38123227